amc_name,amc_url,asset_class,aum_crore,benchmark,category,category_rank,category_rank_period,data_as_of,inception_date,portfolio_age,rank_universe,return_10y,return_1m,return_1y,return_2y,return_3m,return_3y,return_5y,return_6m,return_since_inception,scraped_at,source,strategy_display_name,strategy_url,result_page
Money Grow Asset Pvt Ltd,https://pmsbazaar.com/AMC/Money-Grow-Asset-Pvt-Ltd/PMS,Equity,153,Nifty 50 TRI,Small & Mid Cap,1,1M,2026-06-30,Dec 2023,"2 Yrs, 6 Months",556,NA,14.54%,4.45%,12.68%,75.25%,NA,NA,37.84%,20.38%,2026-08-12T16:02:08.538Z,https://pmsbazaar.com/Visitor/PMSComparison,Money Grow Asset Pvt Ltd - Small Midcap,https://pmsbazaar.com/Strategy/Small_Midcap/Money-Grow-Asset-Pvt-Ltd,1
Equirus Wealth Pvt Ltd,https://pmsbazaar.com/AMC/Equirus-Wealth-Pvt-Ltd/PMS,Equity,368.85,S&P BSE 500 TRI,Small Cap,2,1M,2026-06-30,Oct 2016,"9 Yrs, 8 Months",556,NA,14.49%,14.81%,8.16%,41.41%,17.49%,12.97%,18.10%,20.88%,2026-08-12T16:02:08.538Z,https://pmsbazaar.com/Visitor/PMSComparison,Equirus Wealth Pvt Ltd - Long Horizon Fund,https://pmsbazaar.com/Strategy/Long_Horizon_Fund/Equirus-Wealth-Pvt-Ltd,1
Amaltas Asset Management LLP,https://pmsbazaar.com/AMC/Amaltas-Asset-Management-LLP/PMS,Equity,5.37,S&P BSE 500 TRI,Multi Cap & Flexi Cap,3,1M,2026-06-30,Jul 2025,"0 Yrs, 11 Months",556,NA,11.92%,NA,NA,34.84%,NA,NA,19.27%,34.21%,2026-08-12T16:02:08.538Z,https://pmsbazaar.com/Visitor/PMSComparison,Amaltas Asset Management LLP - Strategic Opportunities Series 1,https://pmsbazaar.com/Strategy/Strategic_Opportunities_Series_1/Amaltas-Asset-Management-LLP,1
White Whale Partners LLP,https://pmsbazaar.com/AMC/White-Whale-Partners-LLP/PMS,Equity,63.60,Nifty 50 TRI,Multi Cap & Flexi Cap,4,1M,2026-06-30,Oct 2024,"1 Yrs, 8 Months",556,NA,11.86%,18.20%,NA,35.11%,NA,NA,15.15%,17.10%,2026-08-12T16:02:08.538Z,https://pmsbazaar.com/Visitor/PMSComparison,White Whale Partners LLP - White Whale Partners LLP RISING STAR PF,https://pmsbazaar.com/Strategy/White_Whale_Partners_LLP_RISING_STAR_PF/White-Whale-Partners-LLP,1
Clockvine Capital Advisors Pvt Ltd,https://pmsbazaar.com/AMC/Clockvine-Capital-Advisors-Pvt-Ltd/PMS,Equity,97.21,S&P BSE 500 TRI,Multi Cap & Flexi Cap,5,1M,2026-06-30,Feb 2024,"2 Yrs, 4 Months",556,NA,11.41%,19.71%,13.21%,33.15%,NA,NA,15.43%,17.43%,2026-08-12T16:02:08.538Z,https://pmsbazaar.com/Visitor/PMSComparison,Clockvine Capital Advisors Pvt Ltd - Growth Fund,https://pmsbazaar.com/Strategy/Growth_Fund/Clockvine-Capital-Advisors-Pvt-Ltd,1
East Green Advisors LLP,https://pmsbazaar.com/AMC/East-Green-Advisors-LLP/PMS,Equity,71.33,S&P BSE 500 TRI,Multi Cap & Flexi Cap,6,1M,2026-06-30,Jul 2023,"2 Yrs, 11 Months",556,NA,11.35%,17.16%,8.54%,29.86%,NA,NA,16.07%,15.62%,2026-08-12T16:02:08.538Z,https://pmsbazaar.com/Visitor/PMSComparison,East Green Advisors LLP - Agile Strategy..,https://pmsbazaar.com/Strategy/Agile_Strategy/East-Green-Advisors-LLP,1
Tradeswift Broking Private Limited,https://pmsbazaar.com/AMC/Tradeswift-Broking-Private-Limited/PMS,Equity,13.48,S&P BSE 500 TRI,Small Cap,7,1M,2026-06-30,Oct 2025,"0 Yrs, 8 Months",556,NA,11.16%,NA,NA,37.77%,NA,NA,20.47%,15.78%,2026-08-12T16:02:08.538Z,https://pmsbazaar.com/Visitor/PMSComparison,Tradeswift Broking Private Limited - Sparkling Gems,https://pmsbazaar.com/Strategy/Sparkling_Gems/Tradeswift-Broking-Private-Limited,1
Accelt asset management LLP,https://pmsbazaar.com/AMC/Accelt-asset-management-LLP/PMS,Equity,12.47,S&P BSE 500 TRI,Multi Cap & Flexi Cap,8,1M,2026-06-30,Nov 2024,"1 Yrs, 7 Months",556,NA,10.97%,8.49%,NA,25.99%,NA,NA,14.20%,12.60%,2026-08-12T16:02:08.538Z,https://pmsbazaar.com/Visitor/PMSComparison,Accelt asset management LLP - Long Term Equity Fund-,https://pmsbazaar.com/Strategy/Accelt_Long_Term_Equity_Fund/Accelt-asset-management-LLP,1
Electrum Portfolio Managers Pvt Ltd,https://pmsbazaar.com/AMC/Electrum-Portfolio-Managers-Pvt-Ltd/PMS,Equity,658.95,S&P BSE 500 TRI,Small & Mid Cap,9,1M,2026-06-30,Nov 2020,"5 Yrs, 7 Months",556,NA,10.94%,11.88%,12.38%,36.36%,23.84%,22.45%,15.40%,30.23%,2026-08-12T16:02:08.539Z,https://pmsbazaar.com/Visitor/PMSComparison,Electrum Portfolio Managers Pvt Ltd - Laureate Portfolio,https://pmsbazaar.com/Strategy/Laureate_Portfolio/Electrum-Portfolio-Managers-Pvt-Ltd,1
Equitree Capital Advisors Pvt Ltd,https://pmsbazaar.com/AMC/Equitree-Capital-Advisors-Pvt-Ltd/PMS,Equity,1512.21,S&P BSE 500 TRI,Small Cap,10,1M,2026-06-30,Oct 2017,"8 Yrs, 8 Months",556,NA,10.76%,-2.59%,5.18%,34.06%,27.19%,23.23%,5.81%,7.90%,2026-08-12T16:02:08.539Z,https://pmsbazaar.com/Visitor/PMSComparison,Equitree Capital Advisors Pvt Ltd - Emerging Opportunities,https://pmsbazaar.com/Strategy/Emerging_Opportunities/Equitree-Capital-Advisors-Pvt-Ltd,1
SBI Funds Management Pvt Ltd,https://pmsbazaar.com/AMC/SBI-Funds-Management-Pvt-Ltd/PMS,Equity,735,Nifty 50 TRI,Multi Cap & Flexi Cap,11,1M,2026-06-30,Jan 2022,"4 Yrs, 5 Months",556,NA,10.50%,13.72%,5.19%,25.57%,16.37%,NA,18.07%,14.97%,2026-08-12T16:02:08.539Z,https://pmsbazaar.com/Visitor/PMSComparison,SBI Funds Management Pvt Ltd - Aeon Alpha Pms,https://pmsbazaar.com/Strategy/Aeon_Alpha_Pms/SBI-Funds-Management-Pvt-Ltd,1
Green Portfolio Pvt Ltd,https://pmsbazaar.com/AMC/Green-Portfolio-Pvt-Ltd/PMS,Equity,9.76,S&P BSE 500 TRI,Thematic,12,1M,2026-06-30,Sep 2019,"6 Yrs, 9 Months",556,NA,10.35%,4.33%,2.30%,32.10%,17.64%,17.77%,12.96%,21.58%,2026-08-12T16:02:08.539Z,https://pmsbazaar.com/Visitor/PMSComparison,Green Portfolio Pvt Ltd - MNC Advantage Fund,https://pmsbazaar.com/Strategy/MNC_Advantage_Fund/Green-Portfolio-Pvt-Ltd,1
Piper Serica Advisors Pvt Ltd,https://pmsbazaar.com/AMC/Piper-Serica-Advisors-Pvt-Ltd/PMS,Equity,879,Nifty 50 TRI,Multi Cap & Flexi Cap,14,1M,2026-06-30,Jun 2019,"7 Yrs, 0 Months",556,NA,10.30%,11.30%,7.20%,31.50%,18.20%,13.50%,18.20%,16.70%,2026-08-12T16:02:08.539Z,https://pmsbazaar.com/Visitor/PMSComparison,Piper Serica Advisors Pvt Ltd - Leader Portfolio Strategy,https://pmsbazaar.com/Strategy/Leader_Portfolio_Strategy/Piper-Serica-Advisors-Pvt-Ltd,1
Thinqwise Wealth Managers LLP,https://pmsbazaar.com/AMC/Thinqwise-Wealth-Managers-LLP/PMS,Equity,45.48,Nifty 50 TRI,Multi Cap & Flexi Cap,13,1M,2026-06-30,Jun 2023,"3 Yrs, 0 Months",556,NA,10.30%,-0.65%,3.13%,25.95%,10.21%,NA,3.93%,10.66%,2026-08-12T16:02:08.539Z,https://pmsbazaar.com/Visitor/PMSComparison,Thinqwise Wealth Managers LLP - India Long Term Fund.,https://pmsbazaar.com/Strategy/India_Long_Term_Fund/Thinqwise-Wealth-Managers-LLP,1
Centrum PMS,https://pmsbazaar.com/AMC/Centrum-PMS/PMS,Equity,11.45,S&P BSE 500 TRI,Small Cap,15,1M,2026-06-30,Jul 2016,"9 Yrs, 11 Months",556,NA,10.17%,7.39%,1.89%,35.58%,14.88%,17.16%,14.17%,16.34%,2026-08-12T16:02:08.539Z,https://pmsbazaar.com/Visitor/PMSComparison,Centrum PMS - Micro,https://pmsbazaar.com/Strategy/Micro/Centrum-PMS,1
Waya Financial Technologies Pvt Ltd,https://pmsbazaar.com/AMC/Waya-Financial-Technologies-Pvt-Ltd/PMS,Equity,45.86,S&P BSE 500 TRI,Small & Mid Cap,16,1M,2026-06-30,Nov 2024,"1 Yrs, 7 Months",556,NA,10.16%,9.77%,NA,41.78%,NA,NA,18.37%,16.05%,2026-08-12T16:02:08.539Z,https://pmsbazaar.com/Visitor/PMSComparison,Waya Financial Technologies Pvt Ltd - Bin73 Sunrise Alpha-,https://pmsbazaar.com/Strategy/Bin73_Sunrise_Alpha/Waya-Financial-Technologies-Pvt-Ltd,1
Wallfort Fund Management LLP,https://pmsbazaar.com/AMC/Wallfort-Fund-Management-LLP/PMS,Equity,35.67,S&P BSE 500 TRI,Small & Mid Cap,17,1M,2026-06-30,Jan 2024,"2 Yrs, 5 Months",556,NA,9.79%,3.28%,12.83%,36.58%,NA,NA,10.54%,23.48%,2026-08-12T16:02:08.539Z,https://pmsbazaar.com/Visitor/PMSComparison,Wallfort Fund Management LLP - India Contra Equity Fund.,https://pmsbazaar.com/Strategy/India_Contra_Equity_Fund/Wallfort-Fund-Management-LLP,1
Merisis Advisors Private Limited,https://pmsbazaar.com/AMC/Merisis-Advisors-Private-Limited/PMS,Equity,0.84,Nifty 50 TRI,Multi Cap & Flexi Cap,18,1M,2026-06-30,Nov 2025,"0 Yrs, 7 Months",556,NA,9.66%,NA,NA,32.72%,NA,NA,4.27%,8.29%,2026-08-12T16:02:08.540Z,https://pmsbazaar.com/Visitor/PMSComparison,Merisis Advisors Private Limited - Catalyst Series 1,https://pmsbazaar.com/Strategy/Catalyst_Series_1/Merisis-Advisors-Private-Limited,1
Wallfort Fund Management LLP,https://pmsbazaar.com/AMC/Wallfort-Fund-Management-LLP/PMS,Equity,574.44,S&P BSE 500 TRI,Small & Mid Cap,19,1M,2026-06-30,Nov 2018,"7 Yrs, 7 Months",556,NA,9.63%,8.72%,13.00%,40.82%,39.25%,25.76%,6.48%,23.47%,2026-08-12T16:02:08.540Z,https://pmsbazaar.com/Visitor/PMSComparison,Wallfort Fund Management LLP - Diversified Fund.,https://pmsbazaar.com/Strategy/Diversified_Fund/Wallfort-Fund-Management-LLP,1
Asit C Mehta Investment Intermediates Ltd,https://pmsbazaar.com/AMC/Asit-C-Mehta-Investment-Intermediates-Ltd/PMS,Equity,10.82,S&P BSE 500 TRI,Small & Mid Cap,20,1M,2026-06-30,Dec 2017,"8 Yrs, 6 Months",556,NA,9.12%,12.42%,6.68%,33.80%,29.48%,24.64%,17.09%,18.94%,2026-08-12T16:02:08.540Z,https://pmsbazaar.com/Visitor/PMSComparison,Asit C Mehta Investment Intermediates Ltd - Ace Ten Trillion Opportunities,https://pmsbazaar.com/Strategy/Ace_Ten_Trillion_Opportunities/Asit-C-Mehta-Investment-Intermediates-Ltd,1
Axis Asset Management Company Ltd,https://pmsbazaar.com/AMC/Axis-Asset-Management-Company-Ltd/PMS,Equity,111,S&P BSE 500 TRI,Small & Mid Cap,21,1M,2026-06-30,Apr 2024,"2 Yrs, 2 Months",556,NA,8.93%,10.13%,8.77%,34.30%,NA,NA,14.47%,8.03%,2026-08-12T16:02:08.540Z,https://pmsbazaar.com/Visitor/PMSComparison,Axis Asset Management Company Ltd - Emerging Stars Portfolio,https://pmsbazaar.com/Strategy/Emerging_Stars_Portfolio/Axis-Asset-Management-Company-Ltd,1
Wallfort Fund Management LLP,https://pmsbazaar.com/AMC/Wallfort-Fund-Management-LLP/PMS,Equity,140.81,S&P BSE 500 TRI,Small & Mid Cap,22,1M,2026-06-30,Dec 2022,"3 Yrs, 6 Months",556,NA,8.92%,9.35%,19.78%,36.26%,25.52%,NA,20.06%,36.96%,2026-08-12T16:02:08.540Z,https://pmsbazaar.com/Visitor/PMSComparison,Wallfort Fund Management LLP - Ameya Fund.,https://pmsbazaar.com/Strategy/Ameya_Fund/Wallfort-Fund-Management-LLP,1
Hem Securities Ltd,https://pmsbazaar.com/AMC/Hem-Securities-Ltd/PMS,Equity,96.84,S&P BSE 500 TRI,Small Cap,23,1M,2026-06-30,Feb 2022,"4 Yrs, 4 Months",556,NA,8.92%,-2.09%,0.56%,46.01%,16.97%,NA,8.70%,24.10%,2026-08-12T16:02:08.540Z,https://pmsbazaar.com/Visitor/PMSComparison,Hem Securities Ltd - India Rising SME Stars,https://pmsbazaar.com/Strategy/India_Rising_SME_Stars/Hem-Securities-Ltd,1
Nine Rivers Capital Holdings Pvt Ltd,https://pmsbazaar.com/AMC/Nine-Rivers-Capital-Holdings-Pvt-Ltd/PMS,Equity,705.61,S&P BSE 500 TRI,Small Cap,24,1M,2026-06-30,Dec 2012,"13 Yrs, 6 Months",556,15.30%,8.82%,-2.90%,-1.57%,32.21%,12.50%,12.69%,6.14%,24.65%,2026-08-12T16:02:08.540Z,https://pmsbazaar.com/Visitor/PMSComparison,Nine Rivers Capital Holdings Pvt Ltd - Aurum Small Cap Opportunities,https://pmsbazaar.com/Strategy/Aurum_Small_Cap_Opportunities/Nine-Rivers-Capital-Holdings-Pvt-Ltd,1
Nine Rivers Capital Holdings Pvt Ltd,https://pmsbazaar.com/AMC/Nine-Rivers-Capital-Holdings-Pvt-Ltd/PMS,Equity,39.19,S&P BSE 500 TRI,Multi Cap & Flexi Cap,25,1M,2026-06-30,Dec 2019,"6 Yrs, 6 Months",556,NA,8.69%,4.18%,11.94%,32.16%,19.03%,16.08%,9.56%,17.19%,2026-08-12T16:02:08.540Z,https://pmsbazaar.com/Visitor/PMSComparison,Nine Rivers Capital Holdings Pvt Ltd - Aurum Multiplier Portfolio-,https://pmsbazaar.com/Strategy/Aurum_Multiplier_Portfolio/Nine-Rivers-Capital-Holdings-Pvt-Ltd,1
Green Portfolio Pvt Ltd,https://pmsbazaar.com/AMC/Green-Portfolio-Pvt-Ltd/PMS,Equity,4.35,S&P BSE 500 TRI,Thematic,26,1M,2026-06-30,Mar 2022,"4 Yrs, 3 Months",556,NA,8.62%,9.33%,5.34%,47.73%,23.92%,NA,22.10%,25.63%,2026-08-12T16:02:11.023Z,https://pmsbazaar.com/Visitor/PMSComparison,Green Portfolio Pvt Ltd - The Impact ESG Fund,https://pmsbazaar.com/Strategy/The_Impact_ESG_Fund/Green-Portfolio-Pvt-Ltd,2
Enam Asset Management Co Pvt Ltd,https://pmsbazaar.com/AMC/Enam-Asset-Management-Co-Pvt-Ltd/PMS,Equity,890.72,S&P BSE 500 TRI,Multi Cap & Flexi Cap,28,1M,2026-06-30,Jan 2023,"3 Yrs, 5 Months",556,NA,8.60%,13.51%,6.01%,20.84%,13.55%,NA,8.83%,15.44%,2026-08-12T16:02:11.023Z,https://pmsbazaar.com/Visitor/PMSComparison,Enam Asset Management Co Pvt Ltd - India Vision Portfolio,https://pmsbazaar.com/Strategy/India_Vision_Portfolio/Enam-Asset-Management-Co-Pvt-Ltd,2
Money Grow Asset Pvt Ltd,https://pmsbazaar.com/AMC/Money-Grow-Asset-Pvt-Ltd/PMS,Multiasset,136.18,NSE Multi Asset Index 2,Multi Asset,27,1M,2026-06-30,Apr 2023,"3 Yrs, 2 Months",556,NA,8.60%,4.72%,8.95%,43.10%,15.96%,NA,14.62%,19.84%,2026-08-12T16:02:11.024Z,https://pmsbazaar.com/Visitor/PMSComparison,Money Grow Asset Pvt Ltd - Bespoke,https://pmsbazaar.com/Strategy/Bespoke/Money-Grow-Asset-Pvt-Ltd,2
Brightseeds Advisors LLP,https://pmsbazaar.com/AMC/Brightseeds-Advisors-LLP/PMS,Equity,67.06,S&P BSE 500 TRI,Small & Mid Cap,29,1M,2026-06-30,Jan 2025,"1 Yrs, 5 Months",556,NA,8.55%,15.29%,NA,49.31%,NA,NA,26.03%,16.87%,2026-08-12T16:02:11.024Z,https://pmsbazaar.com/Visitor/PMSComparison,Brightseeds Advisors LLP - Xylem Maverick Strategy-,https://pmsbazaar.com/Strategy/Xylem_Maverick_Strategy/Brightseeds-Advisors-LLP,2
East Green Advisors LLP,https://pmsbazaar.com/AMC/East-Green-Advisors-LLP/PMS,Equity,6.27,S&P BSE 500 TRI,Multi Cap & Flexi Cap,30,1M,2026-06-30,May 2024,"2 Yrs, 1 Months",556,NA,8.49%,35.59%,13.42%,34.96%,NA,NA,25.12%,15.79%,2026-08-12T16:02:11.024Z,https://pmsbazaar.com/Visitor/PMSComparison,East Green Advisors LLP - Quant Strategy,https://pmsbazaar.com/Strategy/Quant_Strategy/East-Green-Advisors-LLP,2
Green Portfolio Pvt Ltd,https://pmsbazaar.com/AMC/Green-Portfolio-Pvt-Ltd/PMS,Equity,29.52,S&P BSE 500 TRI,Thematic,32,1M,2026-06-30,Jun 2024,"2 Yrs, 0 Months",556,NA,8.48%,14.69%,9.83%,42.52%,NA,NA,24.89%,9.30%,2026-08-12T16:02:11.024Z,https://pmsbazaar.com/Visitor/PMSComparison,Green Portfolio Pvt Ltd - The Green Ethical Fund-,https://pmsbazaar.com/Strategy/The_Green_Ethical_Fund/Green-Portfolio-Pvt-Ltd,2
Clearview Capital Advisors Private Limited,https://pmsbazaar.com/AMC/Clearview-Capital-Advisors-Private-Limited/PMS,Equity,46.97,S&P BSE 500 TRI,Multi Cap & Flexi Cap,31,1M,2026-06-30,Dec 2024,"1 Yrs, 6 Months",556,NA,8.48%,11.58%,NA,30.06%,NA,NA,16.01%,16.03%,2026-08-12T16:02:11.024Z,https://pmsbazaar.com/Visitor/PMSComparison,Clearview Capital Advisors Private Limited - Long Term Partners Fund-,https://pmsbazaar.com/Strategy/Clearview_Long_Term_Partners_Fund/Clearview-Capital-Advisors-Private-Limited,2
Invesq Investment Managers LLP,https://pmsbazaar.com/AMC/Invesq-Investment-Managers-LLP/PMS,Equity,129.21,S&P BSE 500 TRI,Multi Cap & Flexi Cap,33,1M,2026-06-30,May 2024,"2 Yrs, 1 Months",556,NA,8.29%,-0.60%,6.78%,27.03%,NA,NA,6.99%,6.79%,2026-08-12T16:02:11.024Z,https://pmsbazaar.com/Visitor/PMSComparison,Invesq Investment Managers LLP - Multicap Opportunities Portfolio.,https://pmsbazaar.com/Strategy/Multicap_Opportunities_Portfolio/Invesq-Investment-Managers-LLP,2
Valuequest Investment Advisors Pvt Ltd,https://pmsbazaar.com/AMC/Valuequest-Investment-Advisors-Pvt-Ltd/PMS,Equity,3428.11,S&P BSE 500 TRI,Multi Cap & Flexi Cap,34,1M,2026-06-30,Jul 2014,"11 Yrs, 11 Months",556,18.22%,8.28%,-1.90%,1.17%,26.41%,14.65%,16.21%,9.21%,18.58%,2026-08-12T16:02:11.025Z,https://pmsbazaar.com/Visitor/PMSComparison,Valuequest Investment Advisors Pvt Ltd - Platinum,https://pmsbazaar.com/Strategy/Platinum/Valuequest-Investment-Advisors-Pvt-Ltd,2
Himalaya Investment Advisors LLP,https://pmsbazaar.com/AMC/Himalaya-Investment-Advisors-LLP/PMS,Equity,449.88,S&P BSE 500 TRI,Multi Cap & Flexi Cap,35,1M,2026-06-30,May 2023,"3 Yrs, 1 Months",556,NA,8.26%,12.41%,18.93%,33.88%,22.54%,NA,13.20%,25.36%,2026-08-12T16:02:11.025Z,https://pmsbazaar.com/Visitor/PMSComparison,Himalaya Investment Advisors LLP - EverFlow India Opportunities-,https://pmsbazaar.com/Strategy/EverFlow_India_Opportunities/Himalaya-Investment-Advisors-LLP,2
Clearmind Consultancy P Ltd,https://pmsbazaar.com/AMC/Clearmind-Consultancy-P-Ltd/PMS,Equity,2.88,Nifty 50 TRI,Multi Cap & Flexi Cap,36,1M,2026-06-30,Apr 2026,"0 Yrs, 2 Months",556,NA,8.18%,NA,NA,NA,NA,NA,NA,12.23%,2026-08-12T16:02:11.025Z,https://pmsbazaar.com/Visitor/PMSComparison,Clearmind Consultancy P Ltd - Polaris Human Plus Machine Converged Equity Strategy,https://pmsbazaar.com/Strategy/Polaris_Human_Plus_Machine_Converged_Equity_Strategy/Clearmind-Consultancy-P-Ltd,2
Money Grow Asset Pvt Ltd,https://pmsbazaar.com/AMC/Money-Grow-Asset-Pvt-Ltd/PMS,Equity,5.73,Nifty 50 TRI,Multi Cap & Flexi Cap,37,1M,2026-06-30,Aug 2024,"1 Yrs, 10 Months",556,NA,8.17%,1.59%,NA,41.02%,NA,NA,14.57%,-2.26%,2026-08-12T16:02:11.026Z,https://pmsbazaar.com/Visitor/PMSComparison,Money Grow Asset Pvt Ltd - Blend.,https://pmsbazaar.com/Strategy/Blend/Money-Grow-Asset-Pvt-Ltd,2
Composite Investments Pvt Ltd,https://pmsbazaar.com/AMC/Composite-Investments-Pvt-Ltd/PMS,Equity,110.52,S&P BSE 500 TRI,Small & Mid Cap,38,1M,2026-06-30,Apr 2019,"7 Yrs, 2 Months",556,NA,8.16%,5.34%,1.87%,31.58%,14.00%,11.77%,9.80%,18.03%,2026-08-12T16:02:11.026Z,https://pmsbazaar.com/Visitor/PMSComparison,Composite Investments Pvt Ltd - GARP Fund,https://pmsbazaar.com/Strategy/GARP_Fund/Composite-Investments-Pvt-Ltd,2
Ambit Investment Advisors Pvt Ltd,https://pmsbazaar.com/AMC/Ambit-Investment-Advisors-Pvt-Ltd/PMS,Equity,395.42,S&P BSE 500 TRI,Micro Cap,39,1M,2026-06-30,Jul 2024,"1 Yrs, 11 Months",556,NA,8.14%,-3.36%,NA,33.70%,NA,NA,6.07%,-6.58%,2026-08-12T16:02:11.026Z,https://pmsbazaar.com/Visitor/PMSComparison,Ambit Investment Advisors Pvt Ltd - Ambit Micro Marvels Portfolio-,https://pmsbazaar.com/Strategy/Ambit_Micro_Marvels_Portfolio/Ambit-Investment-Advisors-Pvt-Ltd,2
Mansi Share and Stock Broking  Pvt ltd,https://pmsbazaar.com/AMC/Mansi-Share-and-Stock-Broking--Pvt-ltd/PMS,Equity,145.22,S&P BSE 500 TRI,Multi Cap & Flexi Cap,40,1M,2026-06-30,Jan 2023,"3 Yrs, 5 Months",556,NA,7.77%,9.67%,5.47%,39.25%,21.50%,NA,8.73%,23.57%,2026-08-12T16:02:11.026Z,https://pmsbazaar.com/Visitor/PMSComparison,Mansi Share and Stock Broking  Pvt ltd - Seven Islands PMS.,https://pmsbazaar.com/Strategy/Seven_Islands_PMS/Mansi-Share-and-Stock-Broking--Pvt-ltd,2
Valcreate Investment Managers LLP,https://pmsbazaar.com/AMC/Valcreate-Investment-Managers-LLP/PMS,Equity,1.41,S&P BSE 500 TRI,Multi Cap & Flexi Cap,41,1M,2026-06-30,Aug 2025,"0 Yrs, 10 Months",556,NA,7.72%,NA,NA,53.73%,NA,NA,25.61%,18.05%,2026-08-12T16:02:11.027Z,https://pmsbazaar.com/Visitor/PMSComparison,Valcreate Investment Managers LLP - Recovery Strategy,https://pmsbazaar.com/Strategy/Recovery_Strategy/Valcreate-Investment-Managers-LLP,2
True Beacon Investment Advisors LLP,https://pmsbazaar.com/AMC/True-Beacon-Investment-Advisors-LLP/PMS,Equity,136.05,S&P BSE 500 TRI,Multi Cap & Flexi Cap,42,1M,2026-06-30,Mar 2023,"3 Yrs, 3 Months",556,NA,7.71%,14.62%,11.71%,22.59%,NA,NA,6.28%,17.53%,2026-08-12T16:02:11.027Z,https://pmsbazaar.com/Visitor/PMSComparison,True Beacon Investment Advisors LLP - Flexicap Fundamental Opportunities,https://pmsbazaar.com/Strategy/Flexicap_Fundamental_Opportunities/True-Beacon-Investment-Advisors-LLP,2
Tamohara Investment Managers Pvt Ltd,https://pmsbazaar.com/AMC/Tamohara-Investment-Managers-Pvt-Ltd/PMS,Equity,200.15,Nifty 50 TRI,Multi Cap & Flexi Cap,43,1M,2026-06-30,Apr 2021,"5 Yrs, 2 Months",556,NA,7.66%,17.78%,13.14%,29.89%,19.40%,15.07%,14.49%,18.98%,2026-08-12T16:02:11.027Z,https://pmsbazaar.com/Visitor/PMSComparison,Tamohara Investment Managers Pvt Ltd - TRUFFLE,https://pmsbazaar.com/Strategy/TRUFFLE/Tamohara-Investment-Managers-Pvt-Ltd,2
White Whale Partners LLP,https://pmsbazaar.com/AMC/White-Whale-Partners-LLP/PMS,Equity,4.95,Nifty 50 TRI,Multi Cap & Flexi Cap,44,1M,2026-06-30,Nov 2020,"5 Yrs, 7 Months",556,NA,7.65%,2.64%,6.88%,21.33%,9.18%,9.48%,-1.71%,11.63%,2026-08-12T16:02:11.027Z,https://pmsbazaar.com/Visitor/PMSComparison,White Whale Partners LLP - North Star Portfolio,https://pmsbazaar.com/Strategy/North_Star_Portfolio/White-Whale-Partners-LLP,2
Dynamic Equities Pvt Ltd,https://pmsbazaar.com/AMC/Dynamic-Equities-Pvt-Ltd/PMS,Multiasset,0.04,NSE Multi Asset Index 2,Multi Asset,45,1M,2026-06-30,Dec 2025,"0 Yrs, 6 Months",556,NA,7.60%,NA,NA,19.34%,NA,NA,8.29%,8.88%,2026-08-12T16:02:11.027Z,https://pmsbazaar.com/Visitor/PMSComparison,Dynamic Equities Pvt Ltd - DynamicMF,https://pmsbazaar.com/Strategy/DynamicMF/Dynamic-Equities-Pvt-Ltd,2
SVAN Investment Managers LLP,https://pmsbazaar.com/AMC/SVAN-Investment-Managers-LLP/PMS,Equity,385.38,S&P BSE 500 TRI,Small & Mid Cap,46,1M,2026-06-30,Jul 2023,"2 Yrs, 11 Months",556,NA,7.52%,2.95%,8.91%,29.30%,NA,NA,7.74%,23.73%,2026-08-12T16:02:11.027Z,https://pmsbazaar.com/Visitor/PMSComparison,SVAN Investment Managers LLP - Velocity.,https://pmsbazaar.com/Strategy/Velocity/SVAN-Investment-Managers-LLP,2
Ambit Global Private Client,https://pmsbazaar.com/AMC/Ambit-Global-Private-Client/PMS,Equity,40.93,Nifty 50 TRI,Thematic,47,1M,2026-06-30,Jan 2024,"2 Yrs, 5 Months",556,NA,7.51%,11.72%,3.19%,34.83%,NA,NA,21.13%,16.65%,2026-08-12T16:02:11.028Z,https://pmsbazaar.com/Visitor/PMSComparison,Ambit Global Private Client - Build India,https://pmsbazaar.com/Strategy/Ambit_Build_India/Ambit-Global-Private-Client,2
Fident Asset Management,https://pmsbazaar.com/AMC/Fident-Asset-Management/PMS,Equity,20.64,S&P BSE 500 TRI,Multi Cap & Flexi Cap,48,1M,2026-06-30,Jun 2024,"2 Yrs, 0 Months",556,NA,7.46%,6.98%,7.73%,43.93%,NA,NA,18.29%,7.93%,2026-08-12T16:02:11.028Z,https://pmsbazaar.com/Visitor/PMSComparison,Fident Asset Management - Fident India Builder Equity portfolio (FIBER),https://pmsbazaar.com/Strategy/Fident_India_Builder_Equity_portfolio_(FIBER)/Fident-Asset-Management,2
Shree Rama Managers LLP,https://pmsbazaar.com/AMC/Shree-Rama-Managers-LLP/PMS,Equity,78.94,S&P BSE 500 TRI,Multi Cap & Flexi Cap,49,1M,2026-06-30,May 2022,"4 Yrs, 1 Months",556,NA,7.46%,5.03%,-12.59%,21.32%,8.37%,NA,10.59%,11.54%,2026-08-12T16:02:11.028Z,https://pmsbazaar.com/Visitor/PMSComparison,Shree Rama Managers LLP - Vriddhi Plan,https://pmsbazaar.com/Strategy/Vriddhi_Plan/Shree-Rama-Managers-LLP,2
Envision Capital Services Pvt Ltd,https://pmsbazaar.com/AMC/Envision-Capital-Services-Pvt-Ltd/PMS,Equity,127.73,S&P BSE 500 TRI,Multi Cap & Flexi Cap,50,1M,2026-06-30,Apr 2021,"5 Yrs, 2 Months",556,NA,7.38%,6.32%,4.73%,22.91%,15.95%,15.37%,2.14%,16.41%,2026-08-12T16:02:11.028Z,https://pmsbazaar.com/Visitor/PMSComparison,Envision Capital Services Pvt Ltd - India Opportunities,https://pmsbazaar.com/Strategy/India_Opportunities/Envision-Capital-Services-Pvt-Ltd,2
Axis Securities Ltd,https://pmsbazaar.com/AMC/Axis-Securities-Ltd/PMS,Equity,534.79,S&P BSE 500 TRI,Multi Cap & Flexi Cap,51,1M,2026-06-30,Jun 2023,"3 Yrs, 0 Months",556,NA,7.25%,21.99%,12.86%,28.28%,24.88%,NA,28.21%,25.02%,2026-08-12T16:02:14.095Z,https://pmsbazaar.com/Visitor/PMSComparison,Axis Securities Ltd - Axis Securities Kaizen.,https://pmsbazaar.com/Strategy/Axis_Securities_Kaizen/Axis-Securities-Ltd,3
NMR Capital Advisors LLP,https://pmsbazaar.com/AMC/NMR-Capital-Advisors-LLP/PMS,Equity,73.45,S&P BSE 500 TRI,Small Cap,52,1M,2026-06-30,Jan 2025,"1 Yrs, 5 Months",556,NA,7.23%,7.67%,NA,47.58%,NA,NA,19.36%,14.39%,2026-08-12T16:02:14.095Z,https://pmsbazaar.com/Visitor/PMSComparison,NMR Capital Advisors LLP - NMR Growth Strategy,https://pmsbazaar.com/Strategy/NMR_Growth_Strategy/NMR-Capital-Advisors-LLP,3
Amaltas Asset Management LLP,https://pmsbazaar.com/AMC/Amaltas-Asset-Management-LLP/PMS,Equity,61.55,S&P BSE 500 TRI,Multi Cap & Flexi Cap,53,1M,2026-06-30,Jan 2025,"1 Yrs, 5 Months",556,NA,7.22%,24.59%,NA,55.34%,NA,NA,34.92%,20.52%,2026-08-12T16:02:14.095Z,https://pmsbazaar.com/Visitor/PMSComparison,Amaltas Asset Management LLP - Keystone Fund,https://pmsbazaar.com/Strategy/Keystone_Fund/Amaltas-Asset-Management-LLP,3
NAFA Asset Managers Pvt Ltd,https://pmsbazaar.com/AMC/NAFA-Asset-Managers-Pvt-Ltd/PMS,Equity,51.59,S&P BSE 500 TRI,Small Cap,54,1M,2026-06-30,Mar 2019,"7 Yrs, 3 Months",556,NA,7.16%,-8.84%,-4.83%,24.16%,7.70%,12.62%,-1.70%,15.90%,2026-08-12T16:02:14.095Z,https://pmsbazaar.com/Visitor/PMSComparison,NAFA Asset Managers Pvt Ltd - Small Cap Portfolio,https://pmsbazaar.com/Strategy/Small_Cap_Portfolio/NAFA-Asset-Managers-Pvt-Ltd,3
Anand Rathi Advisors Ltd,https://pmsbazaar.com/AMC/Anand-Rathi-Advisors-Ltd/PMS,Equity,181.32,S&P BSE 500 TRI,Multi Cap & Flexi Cap,55,1M,2026-06-30,Nov 2021,"4 Yrs, 7 Months",556,NA,7.09%,-0.13%,-3.07%,27.76%,12.09%,NA,9.49%,10.37%,2026-08-12T16:02:14.095Z,https://pmsbazaar.com/Visitor/PMSComparison,Anand Rathi Advisors Ltd - Decennium Opportunity,https://pmsbazaar.com/Strategy/Decennium_Opportunity/Anand-Rathi-Advisors-Ltd,3
Square 64 Capital Advisors LLP,https://pmsbazaar.com/AMC/Square-64-Capital-Advisors-LLP/PMS,Equity,106.74,S&P BSE 500 TRI,Multi Cap & Flexi Cap,56,1M,2026-06-30,Oct 2024,"1 Yrs, 8 Months",556,NA,7.07%,2.25%,NA,41.58%,NA,NA,19.85%,5.64%,2026-08-12T16:02:14.096Z,https://pmsbazaar.com/Visitor/PMSComparison,Square 64 Capital Advisors LLP - Multicap-,https://pmsbazaar.com/Strategy/Multicap/Square-64-Capital-Advisors-LLP,3
Solidarity Advisors Pvt Ltd,https://pmsbazaar.com/AMC/Solidarity-Advisors-Pvt-Ltd/PMS,Equity,1750.54,S&P BSE 500 TRI,Multi Cap & Flexi Cap,57,1M,2026-06-30,May 2016,"10 Yrs, 1 Months",556,17.41%,7.01%,17.92%,15.42%,34.13%,15.90%,12.47%,22.18%,17.78%,2026-08-12T16:02:14.096Z,https://pmsbazaar.com/Visitor/PMSComparison,Solidarity Advisors Pvt Ltd - Prudence,https://pmsbazaar.com/Strategy/Prudence/Solidarity-Advisors-Pvt-Ltd,3
Shade Capital Pvt Ltd,https://pmsbazaar.com/AMC/Shade-Capital-Pvt-Ltd/PMS,Equity,87.78,S&P BSE 500 TRI,Multi Cap & Flexi Cap,58,1M,2026-06-30,Feb 2012,"14 Yrs, 4 Months",556,13.53%,6.87%,14.31%,9.55%,31.73%,24.27%,14.05%,8.53%,17.50%,2026-08-12T16:02:14.096Z,https://pmsbazaar.com/Visitor/PMSComparison,Shade Capital Pvt Ltd - Value Fund,https://pmsbazaar.com/Strategy/Value_Fund/Shade-Capital-Pvt-Ltd,3
PGIM India,https://pmsbazaar.com/AMC/PGIM-India/PMS,Equity,61.48,Nifty 50 TRI,Small & Mid Cap,59,1M,2026-06-30,Aug 2016,"9 Yrs, 10 Months",556,NA,6.75%,-4.63%,1.00%,31.50%,10.83%,13.19%,8.95%,12.38%,2026-08-12T16:02:14.096Z,https://pmsbazaar.com/Visitor/PMSComparison,PGIM India - Phoenix Portfolio,https://pmsbazaar.com/Strategy/Phoenix_Portfolio/PGIM-India,3
Moneybee Securities Pvt Ltd,https://pmsbazaar.com/AMC/Moneybee-Securities-Pvt-Ltd/PMS,Equity,105.33,S&P BSE 500 TRI,Small & Mid Cap,60,1M,2026-06-30,Aug 2007,"18 Yrs, 10 Months",556,17.52%,6.72%,-9.05%,-4.67%,31.38%,15.79%,22.64%,1.02%,19.40%,2026-08-12T16:02:14.096Z,https://pmsbazaar.com/Visitor/PMSComparison,Moneybee Securities Pvt Ltd - QueenBee-,https://pmsbazaar.com/Strategy/QueenBee/Moneybee-Securities-Pvt-Ltd,3
Qode Advisors LLP,https://pmsbazaar.com/AMC/Qode-Advisors-LLP/PMS,Equity,76.67,S&P BSE 500 TRI,Small Cap,61,1M,2026-06-30,Mar 2025,"1 Yrs, 3 Months",556,NA,6.69%,23.67%,NA,33.40%,NA,NA,33.12%,34.89%,2026-08-12T16:02:14.096Z,https://pmsbazaar.com/Visitor/PMSComparison,Qode Advisors LLP - Qode Growth Fund.,https://pmsbazaar.com/Strategy/Qode_Growth_Fund/Qode-Advisors-LLP,3
Nirmal Bang Securities Pvt Ltd,https://pmsbazaar.com/AMC/Nirmal-Bang-Securities-Pvt-Ltd/PMS,Equity,205.57,S&P BSE 500 TRI,Multi Cap & Flexi Cap,62,1M,2026-06-30,Oct 2023,"2 Yrs, 8 Months",556,NA,6.65%,15.50%,4.94%,24.94%,NA,NA,18.86%,20.43%,2026-08-12T16:02:14.096Z,https://pmsbazaar.com/Visitor/PMSComparison,Nirmal Bang Securities Pvt Ltd - Equity Multi Cap..,https://pmsbazaar.com/Strategy/Equity_Multi_Cap/Nirmal-Bang-Securities-Pvt-Ltd,3
Centrum PMS,https://pmsbazaar.com/AMC/Centrum-PMS/PMS,Equity,23.95,S&P BSE 500 TRI,Small & Mid Cap,63,1M,2026-06-30,Dec 2015,"10 Yrs, 6 Months",556,14.16%,6.63%,-8.69%,-6.34%,23.43%,10.17%,8.17%,-1.54%,14.08%,2026-08-12T16:02:14.097Z,https://pmsbazaar.com/Visitor/PMSComparison,Centrum PMS - Deep Value IV,https://pmsbazaar.com/Strategy/Deep_Value_IV/Centrum-PMS,3
SBI Funds Management Pvt Ltd,https://pmsbazaar.com/AMC/SBI-Funds-Management-Pvt-Ltd/PMS,Equity,655,Nifty 50 TRI,Multi Cap & Flexi Cap,65,1M,2026-06-30,Jul 2016,"9 Yrs, 11 Months",556,NA,6.61%,3.64%,4.37%,22.54%,13.73%,14.42%,11.37%,14.71%,2026-08-12T16:02:14.097Z,https://pmsbazaar.com/Visitor/PMSComparison,SBI Funds Management Pvt Ltd - ESG,https://pmsbazaar.com/Strategy/ESG/SBI-Funds-Management-Pvt-Ltd,3
Hem Securities Ltd,https://pmsbazaar.com/AMC/Hem-Securities-Ltd/PMS,Equity,193.56,S&P BSE 500 TRI,Multi Cap & Flexi Cap,64,1M,2026-06-30,Mar 2020,"6 Yrs, 3 Months",556,NA,6.61%,2.01%,5.41%,28.27%,18.27%,18.40%,7.89%,22.02%,2026-08-12T16:02:14.097Z,https://pmsbazaar.com/Visitor/PMSComparison,Hem Securities Ltd - Dynamic Research and Emerging  Strategy,https://pmsbazaar.com/Strategy/Dynamic_Research_and_Emerging__Strategy/Hem-Securities-Ltd,3
Invesco Asset Management (I) Pvt Ltd,https://pmsbazaar.com/AMC/Invesco-Asset-Management-(I)-Pvt-Ltd/PMS,Equity,31.01,S&P BSE 500 TRI,Multi Cap & Flexi Cap,66,1M,2026-06-30,Sep 2021,"4 Yrs, 9 Months",556,NA,6.54%,-3.33%,3.56%,19.27%,14.56%,NA,2.56%,11.14%,2026-08-12T16:02:14.097Z,https://pmsbazaar.com/Visitor/PMSComparison,Invesco Asset Management (I) Pvt Ltd - Challengers,https://pmsbazaar.com/Strategy/Challengers/Invesco-Asset-Management-(I)-Pvt-Ltd,3
Helios Capital Asset Mgnt India Pvt Ltd,https://pmsbazaar.com/AMC/Helios-Capital-Asset-Mgnt-India-Pvt-Ltd/PMS,Equity,4.08,S&P BSE 500 TRI,Small & Mid Cap,67,1M,2026-06-30,Mar 2026,"0 Yrs, 3 Months",556,NA,6.45%,NA,NA,31.26%,NA,NA,NA,25.71%,2026-08-12T16:02:14.097Z,https://pmsbazaar.com/Visitor/PMSComparison,Helios Capital Asset Mgnt India Pvt Ltd -  India Emerging Star Portfolio,https://pmsbazaar.com/Strategy/_India_Emerging_Star_Portfolio/Helios-Capital-Asset-Mgnt-India-Pvt-Ltd,3
Accuracap,https://pmsbazaar.com/AMC/Accuracap/PMS,Equity,15.41,S&P BSE 500 TRI,Small Cap,68,1M,2026-06-30,Dec 2016,"9 Yrs, 6 Months",556,NA,6.41%,6.25%,8.70%,30.42%,28.52%,20.85%,14.23%,23.55%,2026-08-12T16:02:14.097Z,https://pmsbazaar.com/Visitor/PMSComparison,Accuracap - Dynamo,https://pmsbazaar.com/Strategy/Dynamo/Accuracap,3
Samvitti Capital Pvt Ltd,https://pmsbazaar.com/AMC/Samvitti-Capital-Pvt-Ltd/PMS,Equity,425.68,S&P BSE 500 TRI,Multi Cap & Flexi Cap,69,1M,2026-06-30,Oct 2015,"10 Yrs, 8 Months",556,12.99%,6.40%,10.15%,0.01%,33.53%,21.77%,16.69%,14.78%,13.76%,2026-08-12T16:02:14.097Z,https://pmsbazaar.com/Visitor/PMSComparison,Samvitti Capital Pvt Ltd - PMS Aggressive Growth.,https://pmsbazaar.com/Strategy/PMS_Aggressive_Growth/Samvitti-Capital-Pvt-Ltd,3
Envision Capital Services Pvt Ltd,https://pmsbazaar.com/AMC/Envision-Capital-Services-Pvt-Ltd/PMS,Equity,9.65,S&P BSE 500 TRI,Multi Cap & Flexi Cap,70,1M,2026-06-30,Dec 2025,"0 Yrs, 6 Months",556,NA,6.35%,NA,NA,14.97%,NA,NA,10.33%,10.60%,2026-08-12T16:02:14.097Z,https://pmsbazaar.com/Visitor/PMSComparison,Envision Capital Services Pvt Ltd - Envision New Frontiers,https://pmsbazaar.com/Strategy/Envision_New_Frontiers/Envision-Capital-Services-Pvt-Ltd,3
Edelweiss Global Wealth Management Ltd,https://pmsbazaar.com/AMC/Edelweiss-Global-Wealth-Management-Ltd/PMS,Equity,4.65,Nifty 50 TRI,Small & Mid Cap,71,1M,2026-06-30,Jan 2018,"8 Yrs, 5 Months",556,NA,6.31%,7.52%,3.10%,29.08%,9.56%,8.32%,9.09%,9.36%,2026-08-12T16:02:14.098Z,https://pmsbazaar.com/Visitor/PMSComparison,Edelweiss Global Wealth Management Ltd - Focused Mid and Small Cap Portfolio Series II.,https://pmsbazaar.com/Strategy/Focused_Mid_and_Small_Cap_Portfolio_Series_II/Edelweiss-Global-Wealth-Management-Ltd,3
Wealth Managers (India) Pvt Ltd,https://pmsbazaar.com/AMC/Wealth-Managers-(India)-Pvt-Ltd/PMS,Equity,134.02,Nifty 50 TRI,Multi Cap & Flexi Cap,72,1M,2026-06-30,Jun 2015,"11 Yrs, 0 Months",556,12.75%,6.27%,6.16%,7.71%,19.80%,12.89%,9.23%,2.10%,13.02%,2026-08-12T16:02:14.098Z,https://pmsbazaar.com/Visitor/PMSComparison,Wealth Managers (India) Pvt Ltd - Focused Leadership Portfolio,https://pmsbazaar.com/Strategy/Focused_Leadership_Portfolio/Wealth-Managers-(India)-Pvt-Ltd,3
Samvitti Capital Pvt Ltd,https://pmsbazaar.com/AMC/Samvitti-Capital-Pvt-Ltd/PMS,Equity,476.51,S&P BSE 500 TRI,Multi Cap & Flexi Cap,73,1M,2026-06-30,Apr 2021,"5 Yrs, 2 Months",556,NA,6.24%,9.57%,0.86%,32.64%,25.39%,24.24%,14.67%,26.99%,2026-08-12T16:02:14.098Z,https://pmsbazaar.com/Visitor/PMSComparison,Samvitti Capital Pvt Ltd - PMS Active Alpha Multicap.,https://pmsbazaar.com/Strategy/PMS_Active_Alpha_Multicap/Samvitti-Capital-Pvt-Ltd,3
SMC Global Securities Ltd,https://pmsbazaar.com/AMC/SMC-Global-Securities-Ltd/PMS,Equity,211.50,S&P BSE 500 TRI,Multi Cap & Flexi Cap,74,1M,2026-06-30,Oct 2019,"6 Yrs, 8 Months",556,NA,6.22%,7.09%,1.89%,22.32%,12.68%,11.39%,6.99%,13.78%,2026-08-12T16:02:14.098Z,https://pmsbazaar.com/Visitor/PMSComparison,SMC Global Securities Ltd - Growth Strategy,https://pmsbazaar.com/Strategy/Growth_Strategy/SMC-Global-Securities-Ltd,3
Green Portfolio Pvt Ltd,https://pmsbazaar.com/AMC/Green-Portfolio-Pvt-Ltd/PMS,Equity,348.17,S&P BSE 500 TRI,Small & Mid Cap,76,1M,2026-06-30,Jul 2018,"7 Yrs, 11 Months",556,NA,6.21%,8.54%,5.23%,38.29%,18.18%,16.44%,16.19%,22.55%,2026-08-12T16:02:14.098Z,https://pmsbazaar.com/Visitor/PMSComparison,Green Portfolio Pvt Ltd - Special,https://pmsbazaar.com/Strategy/Special/Green-Portfolio-Pvt-Ltd,3
Citrus Advisors Pvt Ltd,https://pmsbazaar.com/AMC/Citrus-Advisors-Pvt-Ltd/PMS,Equity,33.82,S&P BSE 500 TRI,Small & Mid Cap,75,1M,2026-06-30,Aug 2023,"2 Yrs, 10 Months",556,NA,6.21%,1.71%,-0.26%,33.47%,NA,NA,9.44%,6.68%,2026-08-12T16:02:17.069Z,https://pmsbazaar.com/Visitor/PMSComparison,Citrus Advisors Pvt Ltd - Midcap Marvels,https://pmsbazaar.com/Strategy/Midcap_Marvels/Citrus-Advisors-Pvt-Ltd,4
Alchemy Capital Management,https://pmsbazaar.com/AMC/Alchemy-Capital-Management/PMS,Equity,8.20,S&P BSE 500 TRI,Small Cap,77,1M,2026-06-30,Dec 2023,"2 Yrs, 6 Months",556,NA,6.17%,10.29%,9.38%,31.08%,NA,NA,15.99%,17.51%,2026-08-12T16:02:17.069Z,https://pmsbazaar.com/Visitor/PMSComparison,Alchemy Capital Management - Alpha Small Cap,https://pmsbazaar.com/Strategy/Alpha_Small_Cap/Alchemy-Capital-Management,4
Abans Investment Managers,https://pmsbazaar.com/AMC/Abans-Investment-Managers/PMS,Equity,131.14,S&P BSE 500 TRI,Multi Cap & Flexi Cap,78,1M,2026-06-30,Jan 2012,"14 Yrs, 5 Months",556,15.15%,6.13%,-0.26%,0.28%,18.25%,11.18%,11.78%,2.12%,20.43%,2026-08-12T16:02:17.070Z,https://pmsbazaar.com/Visitor/PMSComparison,Abans Investment Managers - Growth and Momentum,https://pmsbazaar.com/Strategy/Growth_and_Momentum/Abans-Investment-Managers,4
Invesq Investment Managers LLP,https://pmsbazaar.com/AMC/Invesq-Investment-Managers-LLP/PMS,Multiasset,15.71,NSE Multi Asset Index 2,Multi Asset,79,1M,2026-06-30,Mar 2026,"0 Yrs, 3 Months",556,NA,6.10%,NA,NA,16.72%,NA,NA,NA,16.48%,2026-08-12T16:02:17.070Z,https://pmsbazaar.com/Visitor/PMSComparison,Invesq Investment Managers LLP - Optimiser Portfolio,https://pmsbazaar.com/Strategy/Optimiser_Portfolio/Invesq-Investment-Managers-LLP,4
Centrum PMS,https://pmsbazaar.com/AMC/Centrum-PMS/PMS,Equity,62.02,S&P BSE 500 TRI,Small & Mid Cap,80,1M,2026-06-30,Jun 2019,"7 Yrs, 0 Months",556,NA,6.09%,-9.14%,-6.09%,22.24%,9.66%,8.84%,-2.36%,15.86%,2026-08-12T16:02:17.070Z,https://pmsbazaar.com/Visitor/PMSComparison,Centrum PMS - Good To Great,https://pmsbazaar.com/Strategy/Good_To_Great/Centrum-PMS,4
Sameeksha Capital Pvt Ltd,https://pmsbazaar.com/AMC/Sameeksha-Capital-Pvt-Ltd/PMS,Equity,1280.05,S&P BSE 500 TRI,Multi Cap & Flexi Cap,81,1M,2026-06-30,Mar 2016,"10 Yrs, 3 Months",556,20.90%,6.00%,-0.80%,8.20%,23.00%,20.40%,17.60%,2.70%,20.70%,2026-08-12T16:02:17.070Z,https://pmsbazaar.com/Visitor/PMSComparison,Sameeksha Capital Pvt Ltd - India Equity Fund,https://pmsbazaar.com/Strategy/India_Equity_Fund_PMS/Sameeksha-Capital-Pvt-Ltd,4
Helios Capital Asset Mgnt India Pvt Ltd,https://pmsbazaar.com/AMC/Helios-Capital-Asset-Mgnt-India-Pvt-Ltd/PMS,Equity,1577.07,S&P BSE 500 TRI,Multi Cap & Flexi Cap,82,1M,2026-06-30,Mar 2020,"6 Yrs, 3 Months",556,NA,6.00%,5.39%,5.14%,21.27%,16.23%,13.51%,-0.54%,19.84%,2026-08-12T16:02:17.070Z,https://pmsbazaar.com/Visitor/PMSComparison,Helios Capital Asset Mgnt India Pvt Ltd - India Rising Portfolio,https://pmsbazaar.com/Strategy/India_Rising_Portfolio/Helios-Capital-Asset-Mgnt-India-Pvt-Ltd,4
Valcreate Investment Managers LLP,https://pmsbazaar.com/AMC/Valcreate-Investment-Managers-LLP/PMS,Equity,19.23,S&P BSE 500 TRI,Thematic,84,1M,2026-06-30,Feb 2023,"3 Yrs, 4 Months",556,NA,5.91%,14.51%,15.63%,27.00%,19.25%,NA,23.17%,19.17%,2026-08-12T16:02:17.070Z,https://pmsbazaar.com/Visitor/PMSComparison,Valcreate Investment Managers LLP - Lifesciences and Specialty Opportunities.,https://pmsbazaar.com/Strategy/Lifesciences_and_Specialty_Opportunities/Valcreate-Investment-Managers-LLP,4
AlfAccurate Advisors,https://pmsbazaar.com/AMC/AlfAccurate-Advisors/PMS,Equity,1091.90,S&P BSE 500 TRI,Small & Mid Cap,83,1M,2026-06-30,Jan 2021,"5 Yrs, 5 Months",556,NA,5.91%,14.86%,12.10%,29.36%,23.44%,23.79%,14.92%,26.13%,2026-08-12T16:02:17.070Z,https://pmsbazaar.com/Visitor/PMSComparison,AlfAccurate Advisors - AAA Budding Beasts,https://pmsbazaar.com/Strategy/AAA_Budding_Beasts/AlfAccurate-Advisors,4
Ckredence Wealth Management Pvt Ltd,https://pmsbazaar.com/AMC/Ckredence-Wealth-Management-Pvt-Ltd/PMS,Equity,173.65,S&P BSE 500 TRI,Multi Cap & Flexi Cap,85,1M,2026-06-30,Oct 2024,"1 Yrs, 8 Months",556,NA,5.87%,10.48%,NA,26.09%,NA,NA,9.14%,8.85%,2026-08-12T16:02:17.070Z,https://pmsbazaar.com/Visitor/PMSComparison,Ckredence Wealth Management Pvt Ltd - ICE Growth.,https://pmsbazaar.com/Strategy/ICE_Growth/Ckredence-Wealth-Management-Pvt-Ltd,4
Value Prolific Investments and Consulting Pvt Ltd,https://pmsbazaar.com/AMC/Value-Prolific-Investments-and-Consulting-Pvt-Ltd/PMS,Equity,180.44,Nifty 50 TRI,Multi Cap & Flexi Cap,86,1M,2026-06-30,Apr 2021,"5 Yrs, 2 Months",556,NA,5.85%,10.28%,4.88%,31.34%,18.57%,13.83%,10.25%,15.47%,2026-08-12T16:02:17.071Z,https://pmsbazaar.com/Visitor/PMSComparison,Value Prolific Investments and Consulting Pvt Ltd - Alpha A,https://pmsbazaar.com/Strategy/Alpha_A/Value-Prolific-Investments-and-Consulting-Pvt-Ltd,4
Moat Financial Services Pvt Ltd,https://pmsbazaar.com/AMC/Moat-Financial-Services-Pvt-Ltd/PMS,Equity,29.70,S&P BSE 500 TRI,Multi Cap & Flexi Cap,87,1M,2026-06-30,Oct 2025,"0 Yrs, 8 Months",556,NA,5.83%,NA,NA,26.18%,NA,NA,9.31%,5.24%,2026-08-12T16:02:17.071Z,https://pmsbazaar.com/Visitor/PMSComparison,Moat Financial Services Pvt Ltd - Auxano Alpha Fund,https://pmsbazaar.com/Strategy/Auxano_Alpha_Fund/Moat-Financial-Services-Pvt-Ltd,4
JM Financial Limited,https://pmsbazaar.com/AMC/JM-Financial-Limited/PMS,Equity,12.92,S&P BSE 500 TRI,Multi Cap & Flexi Cap,88,1M,2026-06-30,Mar 2015,"11 Yrs, 3 Months",556,15.40%,5.83%,14.46%,9.81%,21.85%,23.72%,18.13%,10.56%,13.63%,2026-08-12T16:02:17.071Z,https://pmsbazaar.com/Visitor/PMSComparison,JM Financial Limited - India Resurgent,https://pmsbazaar.com/Strategy/India_Resurgent/JM-Financial-Limited,4
Omniscience Capital Advisors Private Limited,https://pmsbazaar.com/AMC/Omniscience-Capital-Advisors-Private-Limited/PMS,Equity,4.51,S&P BSE 500 TRI,Small Cap,89,1M,2026-06-30,Nov 2025,"0 Yrs, 7 Months",556,NA,5.82%,NA,NA,27.92%,NA,NA,-0.18%,-7.64%,2026-08-12T16:02:17.071Z,https://pmsbazaar.com/Visitor/PMSComparison,Omniscience Capital Advisors Private Limited - Omni Centurions,https://pmsbazaar.com/Strategy/Omni_Centurions/Omniscience-Capital-Advisors-Private-Limited,4
QED Capital Advisors LLP,https://pmsbazaar.com/AMC/QED-Capital-Advisors-LLP/PMS,Equity,21.34,S&P BSE 500 TRI,Small & Mid Cap,90,1M,2026-06-30,Apr 2021,"5 Yrs, 2 Months",556,NA,5.78%,3.17%,-4.01%,11.96%,15.37%,12.41%,0.93%,14.99%,2026-08-12T16:02:17.071Z,https://pmsbazaar.com/Visitor/PMSComparison,QED Capital Advisors LLP - Alphabets,https://pmsbazaar.com/Strategy/Alphabets/QED-Capital-Advisors-LLP,4
Maximal Capital,https://pmsbazaar.com/AMC/Maximal-Capital/PMS,Equity,194.54,S&P BSE 500 TRI,Multi Cap & Flexi Cap,91,1M,2026-06-30,May 2022,"4 Yrs, 1 Months",556,NA,5.78%,3.97%,3.71%,22.72%,21.61%,NA,6.62%,25.20%,2026-08-12T16:02:17.071Z,https://pmsbazaar.com/Visitor/PMSComparison,Maximal Capital - Pathfinder Value Fund,https://pmsbazaar.com/Strategy/Pathfinder_Value_Fund/Maximal-Capital,4
Accuracap,https://pmsbazaar.com/AMC/Accuracap/PMS,Equity,455.70,S&P BSE 500 TRI,Small & Mid Cap,92,1M,2026-06-30,Oct 2011,"14 Yrs, 8 Months",556,18.68%,5.76%,6.41%,4.85%,27.02%,21.02%,15.32%,11.56%,22.12%,2026-08-12T16:02:17.071Z,https://pmsbazaar.com/Visitor/PMSComparison,Accuracap - Picopower,https://pmsbazaar.com/Strategy/Picopower/Accuracap,4
White Pine Investment Management Pvt Ltd,https://pmsbazaar.com/AMC/White-Pine-Investment-Management-Pvt-Ltd/PMS,Equity,501.47,MSEI SX 40 TRI,Multi Cap & Flexi Cap,93,1M,2026-06-30,May 2022,"4 Yrs, 1 Months",556,NA,5.75%,15.59%,15.87%,42.92%,36.46%,NA,19.72%,37.28%,2026-08-12T16:02:17.071Z,https://pmsbazaar.com/Visitor/PMSComparison,White Pine Investment Management Pvt Ltd - White Pine India Emerging Stars,https://pmsbazaar.com/Strategy/White_Pine_India_Emerging_Stars/White-Pine-Investment-Management-Pvt-Ltd,4
Valuequest Investment Advisors Pvt Ltd,https://pmsbazaar.com/AMC/Valuequest-Investment-Advisors-Pvt-Ltd/PMS,Equity,2019.95,S&P BSE 500 TRI,Multi Cap & Flexi Cap,94,1M,2026-06-30,Oct 2010,"15 Yrs, 8 Months",556,16.05%,5.74%,18.71%,8.34%,33.24%,19.37%,16.88%,21.70%,18.18%,2026-08-12T16:02:17.071Z,https://pmsbazaar.com/Visitor/PMSComparison,Valuequest Investment Advisors Pvt Ltd - Growth,https://pmsbazaar.com/Strategy/Growth/Valuequest-Investment-Advisors-Pvt-Ltd,4
Edelweiss Global Wealth Management Ltd,https://pmsbazaar.com/AMC/Edelweiss-Global-Wealth-Management-Ltd/PMS,Equity,21.55,Nifty 50 TRI,Small & Mid Cap,95,1M,2026-06-30,Aug 2015,"10 Yrs, 10 Months",556,10.75%,5.73%,7.66%,4.19%,27.21%,11.35%,9.49%,7.39%,10.07%,2026-08-12T16:02:17.071Z,https://pmsbazaar.com/Visitor/PMSComparison,Edelweiss Global Wealth Management Ltd - Focused Mid and Smallcap Portfolio,https://pmsbazaar.com/Strategy/Focused_Mid_and_Smallcap_Portfolio/Edelweiss-Global-Wealth-Management-Ltd,4
Tamohara Investment Managers Pvt Ltd,https://pmsbazaar.com/AMC/Tamohara-Investment-Managers-Pvt-Ltd/PMS,Equity,24.14,Nifty 50 TRI,Multi Cap & Flexi Cap,97,1M,2026-06-30,Mar 2016,"10 Yrs, 3 Months",556,ND,5.70%,3.14%,1.16%,23.79%,6.92%,8.94%,6.03%,10.24%,2026-08-12T16:02:17.072Z,https://pmsbazaar.com/Visitor/PMSComparison,Tamohara Investment Managers Pvt Ltd - TIOS,https://pmsbazaar.com/Strategy/TIOS/Tamohara-Investment-Managers-Pvt-Ltd,4
AlfAccurate Advisors,https://pmsbazaar.com/AMC/AlfAccurate-Advisors/PMS,Equity,352.97,S&P BSE 500 TRI,Small & Mid Cap,96,1M,2026-06-30,Sep 2023,"2 Yrs, 9 Months",556,NA,5.70%,37.10%,20.01%,43.58%,NA,NA,29.08%,24.10%,2026-08-12T16:02:17.072Z,https://pmsbazaar.com/Visitor/PMSComparison,AlfAccurate Advisors - AAA Couture,https://pmsbazaar.com/Strategy/AAA_Couture/AlfAccurate-Advisors,4
Emkay Investment Managers Ltd,https://pmsbazaar.com/AMC/Emkay-Investment-Managers-Ltd/PMS,Equity,96.90,S&P BSE 500 TRI,Multi Cap & Flexi Cap,98,1M,2026-06-30,Jun 2022,"4 Yrs, 0 Months",556,NA,5.69%,14.13%,8.99%,24.74%,17.31%,NA,15.96%,22.82%,2026-08-12T16:02:17.072Z,https://pmsbazaar.com/Visitor/PMSComparison,Emkay Investment Managers Ltd - ENVI,https://pmsbazaar.com/Strategy/ENVI/Emkay-Investment-Managers-Ltd,4
Ksema Wealth Pvt Ltd,https://pmsbazaar.com/AMC/Ksema-Wealth-Pvt-Ltd/PMS,Equity,2.29,Nifty 50 TRI,Sector Fund,99,1M,2026-06-30,Jan 2026,"0 Yrs, 5 Months",556,NA,5.68%,NA,NA,33.96%,NA,NA,NA,17.34%,2026-08-12T16:02:17.072Z,https://pmsbazaar.com/Visitor/PMSComparison,Ksema Wealth Pvt Ltd - Future Frontier Portfolio,https://pmsbazaar.com/Strategy/Future_Frontier_Portfolio/Ksema-Wealth-Pvt-Ltd,4
Pluswealth Capital Management LLP,https://pmsbazaar.com/AMC/Pluswealth-Capital-Management-LLP/PMS,Multiasset,2.76,NSE Multi Asset Index 2,Multi Asset,100,1M,2026-06-30,Dec 2025,"0 Yrs, 6 Months",556,NA,5.67%,NA,NA,49.30%,NA,NA,52.53%,48.75%,2026-08-12T16:02:17.072Z,https://pmsbazaar.com/Visitor/PMSComparison,Pluswealth Capital Management LLP - PlusWealth Catalyst,https://pmsbazaar.com/Strategy/PlusWealth_Catalyst/Pluswealth-Capital-Management-LLP,4
Ametra Investment Managers Private Limited,https://pmsbazaar.com/AMC/Ametra-Investment-Managers-Private-Limited/PMS,Equity,1.89,S&P BSE 500 TRI,Small Cap,101,1M,2026-06-30,Oct 2024,"1 Yrs, 8 Months",556,NA,5.66%,3.38%,NA,35.40%,NA,NA,14.21%,-2.61%,2026-08-12T16:02:20.100Z,https://pmsbazaar.com/Visitor/PMSComparison,Ametra Investment Managers Private Limited - Ametra FactorAlpha Smallcap,https://pmsbazaar.com/Strategy/Ametra_FactorAlpha_Smallcap/Ametra-Investment-Managers-Private-Limited,5
Ambit Global Private Client,https://pmsbazaar.com/AMC/Ambit-Global-Private-Client/PMS,Equity,573.74,Nifty 50 TRI,Multi Cap & Flexi Cap,102,1M,2026-06-30,Jan 2021,"5 Yrs, 5 Months",556,NA,5.63%,-3.28%,-0.80%,24.72%,21.31%,18.54%,5.91%,21.86%,2026-08-12T16:02:20.101Z,https://pmsbazaar.com/Visitor/PMSComparison,Ambit Global Private Client - Alpha Growth.,https://pmsbazaar.com/Strategy/Alpha_Growth/Ambit-Global-Private-Client,5
Axis Asset Management Company Ltd,https://pmsbazaar.com/AMC/Axis-Asset-Management-Company-Ltd/PMS,Equity,808,Nifty 50 TRI,Multi Cap & Flexi Cap,103,1M,2026-06-30,Jan 2017,"9 Yrs, 5 Months",556,NA,5.63%,-0.69%,-1.97%,21.84%,8.16%,9.35%,2.39%,10.33%,2026-08-12T16:02:20.101Z,https://pmsbazaar.com/Visitor/PMSComparison,Axis Asset Management Company Ltd - Brand Equity,https://pmsbazaar.com/Strategy/Brand_Equity/Axis-Asset-Management-Company-Ltd,5
Marcellus Investment Managers Pvt Ltd,https://pmsbazaar.com/AMC/Marcellus-Investment-Managers-Pvt-Ltd/PMS,Equity,134.61,Nifty 50 TRI,Large Cap,104,1M,2026-06-30,Jul 2020,"5 Yrs, 11 Months",556,NA,5.62%,-3.28%,5.07%,17.81%,8.63%,5.46%,-0.78%,9.79%,2026-08-12T16:02:20.101Z,https://pmsbazaar.com/Visitor/PMSComparison,Marcellus Investment Managers Pvt Ltd - Kings of Capital,https://pmsbazaar.com/Strategy/Kings_of_Capital/Marcellus-Investment-Managers-Pvt-Ltd,5
Shree Rama Managers LLP,https://pmsbazaar.com/AMC/Shree-Rama-Managers-LLP/PMS,Equity,136.22,S&P BSE 500 TRI,Multi Cap & Flexi Cap,105,1M,2026-06-30,May 2022,"4 Yrs, 1 Months",556,NA,5.56%,3.51%,-3.68%,20.56%,11.26%,NA,1.08%,13.11%,2026-08-12T16:02:20.101Z,https://pmsbazaar.com/Visitor/PMSComparison,Shree Rama Managers LLP - Lakshmi Plan,https://pmsbazaar.com/Strategy/Lakshmi_Plan/Shree-Rama-Managers-LLP,5
Svobodha Infinity Investment Advisors Pvt Ltd,https://pmsbazaar.com/AMC/Svobodha-Infinity-Investment-Advisors-Pvt-Ltd/PMS,Equity,23.17,S&P BSE 500 TRI,Multi Cap & Flexi Cap,106,1M,2026-06-30,Sep 2023,"2 Yrs, 9 Months",556,NA,5.55%,-7.55%,4.22%,21.00%,NA,NA,-0.64%,7.32%,2026-08-12T16:02:20.101Z,https://pmsbazaar.com/Visitor/PMSComparison,Svobodha Infinity Investment Advisors Pvt Ltd - AD-ASTRA.,https://pmsbazaar.com/Strategy/AD-ASTRA/Svobodha-Infinity-Investment-Advisors-Pvt-Ltd,5
Credent Asset Management Services Pvt Ltd,https://pmsbazaar.com/AMC/Credent-Asset-Management-Services-Pvt-Ltd/PMS,Equity,49.28,S&P BSE 500 TRI,Multi Cap & Flexi Cap,107,1M,2026-06-30,Mar 2023,"3 Yrs, 3 Months",556,NA,5.54%,0.70%,1.55%,23.22%,16.27%,NA,1.05%,22.00%,2026-08-12T16:02:20.101Z,https://pmsbazaar.com/Visitor/PMSComparison,Credent Asset Management Services Pvt Ltd - Aim Multi cap.,https://pmsbazaar.com/Strategy/Aim_Multi_cap/Credent-Asset-Management-Services-Pvt-Ltd,5
Phillip Capital India Pvt Ltd,https://pmsbazaar.com/AMC/Phillip-Capital-India-Pvt-Ltd/PMS,Equity,29.15,S&P BSE 500 TRI,Small & Mid Cap,108,1M,2026-06-30,Aug 2017,"8 Yrs, 10 Months",556,NA,5.52%,4.40%,4.10%,26.44%,11.15%,11.27%,7.43%,12.78%,2026-08-12T16:02:20.101Z,https://pmsbazaar.com/Visitor/PMSComparison,Phillip Capital India Pvt Ltd - Emerging India Portfolio,https://pmsbazaar.com/Strategy/Emerging_India_Portfolio/Phillip-Capital-India-Pvt-Ltd,5
Atlas Integrated Finance Limited,https://pmsbazaar.com/AMC/Atlas-Integrated-Finance-Limited/PMS,Equity,6.54,S&P BSE 500 TRI,Multi Cap & Flexi Cap,109,1M,2026-06-30,May 2024,"2 Yrs, 1 Months",556,NA,5.51%,7.35%,-4.55%,36.65%,NA,NA,23.26%,-1.31%,2026-08-12T16:02:20.102Z,https://pmsbazaar.com/Visitor/PMSComparison,Atlas Integrated Finance Limited - Momentum 20 Pms Fund.,https://pmsbazaar.com/Strategy/Momentum_20_Pms_Fund/Atlas-Integrated-Finance-Limited,5
Axis Asset Management Company Ltd,https://pmsbazaar.com/AMC/Axis-Asset-Management-Company-Ltd/PMS,Equity,87,Nifty 50 TRI,Multi Cap & Flexi Cap,110,1M,2026-06-30,Nov 2019,"6 Yrs, 7 Months",556,NA,5.47%,6.35%,0.06%,24.58%,8.89%,10.48%,6.66%,11.83%,2026-08-12T16:02:20.102Z,https://pmsbazaar.com/Visitor/PMSComparison,Axis Asset Management Company Ltd - Core and Satellite,https://pmsbazaar.com/Strategy/Core_and_Satellite/Axis-Asset-Management-Company-Ltd,5
InCred Asset Management,https://pmsbazaar.com/AMC/InCred-Asset-Management/PMS,Equity,124.45,S&P BSE 500 TRI,Small & Mid Cap,112,1M,2026-06-30,May 2021,"5 Yrs, 1 Months",556,NA,5.44%,-2.06%,-0.30%,25.91%,10.97%,NA,2.22%,12.06%,2026-08-12T16:02:20.102Z,https://pmsbazaar.com/Visitor/PMSComparison,InCred Asset Management - Small and Midcap.,https://pmsbazaar.com/Strategy/Small_and_Midcap/InCred-Asset-Management,5
Nuvama Asset Management Limited,https://pmsbazaar.com/AMC/Nuvama-Asset-Management-Limited/PMS,Equity,227.41,S&P BSE 500 TRI,Mid Cap,111,1M,2026-06-30,May 2023,"3 Yrs, 1 Months",556,NA,5.44%,5.84%,6.10%,32.57%,15.94%,NA,14.02%,15.61%,2026-08-12T16:02:20.102Z,https://pmsbazaar.com/Visitor/PMSComparison,Nuvama Asset Management Limited - Equities eXpansion Target.,https://pmsbazaar.com/Strategy/Equities_eXpansion_Target/Nuvama-Asset-Management-Limited,5
Ambit Investment Advisors Pvt Ltd,https://pmsbazaar.com/AMC/Ambit-Investment-Advisors-Pvt-Ltd/PMS,Equity,439.20,S&P BSE 500 TRI,Mid Cap,113,1M,2026-06-30,Mar 2015,"11 Yrs, 3 Months",556,14.01%,5.43%,8.05%,3.30%,20.51%,15.57%,11.80%,7.22%,12.65%,2026-08-12T16:02:20.102Z,https://pmsbazaar.com/Visitor/PMSComparison,Ambit Investment Advisors Pvt Ltd - Ambit Good and Clean Midcap Portfolio,https://pmsbazaar.com/Strategy/Ambit_Good_and_Clean_Midcap_Portfolio/Ambit-Investment-Advisors-Pvt-Ltd,5
Unifi Capital Pvt Ltd,https://pmsbazaar.com/AMC/Unifi-Capital-Pvt-Ltd/PMS,Equity,900.47,S&P BSE 500 TRI,Mid Cap,114,1M,2026-06-30,Sep 2015,"10 Yrs, 9 Months",556,ND,5.42%,-1.31%,2.97%,19.24%,14.01%,13.64%,0.83%,19.71%,2026-08-12T16:02:20.102Z,https://pmsbazaar.com/Visitor/PMSComparison,Unifi Capital Pvt Ltd - APJ 20,https://pmsbazaar.com/Strategy/APJ_20/Unifi-Capital-Pvt-Ltd,5
Tradeswift Broking Private Limited,https://pmsbazaar.com/AMC/Tradeswift-Broking-Private-Limited/PMS,Multiasset,47.46,NSE Multi Asset Index 2,Multi Asset,115,1M,2026-06-30,Mar 2024,"2 Yrs, 3 Months",556,NA,5.39%,-0.43%,3.91%,23.31%,NA,NA,5.48%,11.61%,2026-08-12T16:02:20.102Z,https://pmsbazaar.com/Visitor/PMSComparison,Tradeswift Broking Private Limited - Dynamic Gems,https://pmsbazaar.com/Strategy/Dynamic_Gems/Tradeswift-Broking-Private-Limited,5
Crest Capital Management  Private Limited,https://pmsbazaar.com/AMC/Crest-Capital-Management--Private-Limited/PMS,Equity,18.71,S&P BSE 500 TRI,Multi Cap & Flexi Cap,116,1M,2026-06-30,Nov 2025,"0 Yrs, 7 Months",556,NA,5.37%,NA,NA,23.99%,NA,NA,6.75%,4.03%,2026-08-12T16:02:20.102Z,https://pmsbazaar.com/Visitor/PMSComparison,Crest Capital Management  Private Limited - Value Fund,https://pmsbazaar.com/Strategy/Value_Fund/Crest-Capital-Management--Private-Limited,5
TCG Advisory Service Pvt Ltd,https://pmsbazaar.com/AMC/TCG-Advisory-Service-Pvt-Ltd/PMS,Equity,161.71,S&P BSE 500 TRI,Small Cap,117,1M,2026-06-30,Oct 2024,"1 Yrs, 8 Months",556,NA,5.36%,-4.39%,NA,25.19%,NA,NA,-0.38%,0.18%,2026-08-12T16:02:20.103Z,https://pmsbazaar.com/Visitor/PMSComparison,TCG Advisory Service Pvt Ltd - Transformative Growth.,https://pmsbazaar.com/Strategy/Transformative_Growth/TCG-Advisory-Service-Pvt-Ltd,5
Composite Investments Pvt Ltd,https://pmsbazaar.com/AMC/Composite-Investments-Pvt-Ltd/PMS,Equity,122.50,S&P BSE 500 TRI,Small & Mid Cap,119,1M,2026-06-30,May 2019,"7 Yrs, 1 Months",556,NA,5.35%,1.90%,5.94%,26.52%,16.60%,14.46%,5.13%,18.62%,2026-08-12T16:02:20.103Z,https://pmsbazaar.com/Visitor/PMSComparison,Composite Investments Pvt Ltd - Emerging Star Fund,https://pmsbazaar.com/Strategy/Emerging_Star_Fund/Composite-Investments-Pvt-Ltd,5
Carnelian Asset Management and  Advisors Pvt Ltd,https://pmsbazaar.com/AMC/Carnelian-Asset-Management-and--Advisors-Pvt-Ltd/PMS,Equity,3644.98,S&P BSE 500 TRI,Multi Cap & Flexi Cap,118,1M,2026-06-30,Oct 2021,"4 Yrs, 8 Months",556,NA,5.35%,11.96%,13.55%,27.13%,24.04%,NA,9.04%,26.45%,2026-08-12T16:02:20.103Z,https://pmsbazaar.com/Visitor/PMSComparison,Carnelian Asset Management and  Advisors Pvt Ltd - Bespoke Strategy,https://pmsbazaar.com/Strategy/Bespoke_Strategy/Carnelian-Asset-Management-and--Advisors-Pvt-Ltd,5
Prosperity Wealth Management Pvt Ltd,https://pmsbazaar.com/AMC/Prosperity-Wealth-Management-Pvt-Ltd/PMS,Equity,112.05,S&P BSE 500 TRI,Multi Cap & Flexi Cap,120,1M,2026-06-30,Dec 2020,"5 Yrs, 6 Months",556,NA,5.32%,-2.35%,-2.43%,30.81%,13.29%,11.35%,6.38%,17.28%,2026-08-12T16:02:20.103Z,https://pmsbazaar.com/Visitor/PMSComparison,Prosperity Wealth Management Pvt Ltd - Discovery Fund,https://pmsbazaar.com/Strategy/Discovery_Fund/Prosperity-Wealth-Management-Pvt-Ltd,5
Prescientcap Investment Advisors LLP,https://pmsbazaar.com/AMC/Prescientcap-Investment-Advisors-LLP/PMS,Equity,405.42,S&P BSE 500 TRI,Multi Cap & Flexi Cap,121,1M,2026-06-30,Dec 2021,"4 Yrs, 6 Months",556,NA,5.32%,13.29%,9.11%,21.88%,20.87%,NA,8.84%,19.94%,2026-08-12T16:02:20.103Z,https://pmsbazaar.com/Visitor/PMSComparison,Prescientcap Investment Advisors LLP - High Quality Consistent Compounders,https://pmsbazaar.com/Strategy/High_Quality_Consistent_Compounders/Prescientcap-Investment-Advisors-LLP,5
Carnelian Asset Management and  Advisors Pvt Ltd,https://pmsbazaar.com/AMC/Carnelian-Asset-Management-and--Advisors-Pvt-Ltd/PMS,Equity,5698.71,S&P BSE 500 TRI,Small & Mid Cap,122,1M,2026-06-30,Oct 2020,"5 Yrs, 8 Months",556,NA,5.27%,5.77%,10.03%,27.50%,22.91%,21.40%,7.49%,32.31%,2026-08-12T16:02:20.103Z,https://pmsbazaar.com/Visitor/PMSComparison,Carnelian Asset Management and  Advisors Pvt Ltd - Shift Strategy,https://pmsbazaar.com/Strategy/Shift_Strategy/Carnelian-Asset-Management-and--Advisors-Pvt-Ltd,5
Wallfort Fund Management LLP,https://pmsbazaar.com/AMC/Wallfort-Fund-Management-LLP/PMS,Equity,4.74,S&P BSE 500 TRI,Small & Mid Cap,123,1M,2026-06-30,Jul 2024,"1 Yrs, 11 Months",556,NA,5.21%,-1.93%,NA,33.00%,NA,NA,6.60%,-4.32%,2026-08-12T16:02:20.103Z,https://pmsbazaar.com/Visitor/PMSComparison,Wallfort Fund Management LLP - Kosh Value Fund.,https://pmsbazaar.com/Strategy/Kosh_Value_Fund/Wallfort-Fund-Management-LLP,5
Wallfort Fund Management LLP,https://pmsbazaar.com/AMC/Wallfort-Fund-Management-LLP/PMS,Equity,1.80,S&P BSE 500 TRI,Small & Mid Cap,124,1M,2026-06-30,Jul 2024,"1 Yrs, 11 Months",556,NA,5.16%,-14.95%,-5.74%,15.08%,NA,NA,-12.59%,-5.74%,2026-08-12T16:02:20.104Z,https://pmsbazaar.com/Visitor/PMSComparison,Wallfort Fund Management LLP - Focus Fund.,https://pmsbazaar.com/Strategy/Focus_Fund/Wallfort-Fund-Management-LLP,5
Emkay Investment Managers Ltd,https://pmsbazaar.com/AMC/Emkay-Investment-Managers-Ltd/PMS,Equity,124.03,S&P BSE 500 TRI,Small Cap,126,1M,2026-06-30,Jun 2025,"1 Yrs, 0 Months",556,NA,5.14%,-7.02%,NA,26.90%,NA,NA,3.69%,-4.91%,2026-08-12T16:02:20.104Z,https://pmsbazaar.com/Visitor/PMSComparison,Emkay Investment Managers Ltd - SMID Cap Growth Engine PortfolioN,https://pmsbazaar.com/Strategy/SMID_Cap_Growth_Engine_Portfolio/Emkay-Investment-Managers-Ltd,5
Maxiom Asset Management Pvt Ltd,https://pmsbazaar.com/AMC/Maxiom-Asset-Management-Pvt-Ltd/PMS,Equity,5.30,Nifty 50 TRI,Multi Cap & Flexi Cap,125,1M,2026-06-30,Jun 2023,"3 Yrs, 0 Months",556,NA,5.14%,1.88%,-0.26%,29.90%,5.54%,NA,21.78%,5.51%,2026-08-12T16:02:23.223Z,https://pmsbazaar.com/Visitor/PMSComparison,Maxiom Asset Management Pvt Ltd - GEM,https://pmsbazaar.com/Strategy/Maxiom_PMS_-_GEM/Maxiom-Asset-Management-Pvt-Ltd,6
Sowilo Investment Managers,https://pmsbazaar.com/AMC/Sowilo-Investment-Managers/PMS,Equity,45.20,S&P BSE 500 TRI,Small & Mid Cap,127,1M,2026-06-30,Jun 2023,"3 Yrs, 0 Months",556,NA,5.13%,1.06%,3.89%,26.74%,17.78%,NA,8.54%,17.92%,2026-08-12T16:02:23.223Z,https://pmsbazaar.com/Visitor/PMSComparison,Sowilo Investment Managers - Target Return Investment Fund.,https://pmsbazaar.com/Strategy/Target_Return_Investment_Fund/Sowilo-Investment-Managers,6
Systematix Shares and Stock (I) Ltd,https://pmsbazaar.com/AMC/Systematix-Shares-and-Stock-(I)-Ltd/PMS,Equity,149.96,S&P BSE 500 TRI,Multi Cap & Flexi Cap,128,1M,2026-06-30,Apr 2018,"8 Yrs, 2 Months",556,NA,5.09%,12.01%,10.63%,24.46%,23.88%,20.82%,13.01%,ND,2026-08-12T16:02:23.224Z,https://pmsbazaar.com/Visitor/PMSComparison,Systematix Shares and Stock (I) Ltd - Dynamic Investment Portfolio,https://pmsbazaar.com/Strategy/Dynamic_Investment_Portfolio/Systematix-Shares-and-Stock-(I)-Ltd,6
Narnolia Financial Services Ltd,https://pmsbazaar.com/AMC/Narnolia-Financial-Services-Ltd/PMS,Equity,36.85,Nifty 50 TRI,Multi Cap & Flexi Cap,129,1M,2026-06-30,Sep 2022,"3 Yrs, 9 Months",556,NA,5.07%,0.17%,-0.26%,22.66%,12.99%,NA,7.56%,15.40%,2026-08-12T16:02:23.224Z,https://pmsbazaar.com/Visitor/PMSComparison,Narnolia Financial Services Ltd - Fusion Opportunity.,https://pmsbazaar.com/Strategy/Fusion_Opportunity/Narnolia-Financial-Services-Ltd,6
IFM Investment Advisors Private Limited,https://pmsbazaar.com/AMC/IFM-Investment-Advisors-Private-Limited/PMS,Equity,11.25,S&P BSE 500 TRI,Multi Cap & Flexi Cap,130,1M,2026-06-30,Jul 2025,"0 Yrs, 11 Months",556,NA,5.06%,NA,NA,21.73%,NA,NA,0.42%,-4.32%,2026-08-12T16:02:23.224Z,https://pmsbazaar.com/Visitor/PMSComparison,IFM Investment Advisors Private Limited - IFM Flexicap Growth Fund,https://pmsbazaar.com/Strategy/IFM_Flexicap_Growth_Fund/IFM-Investment-Advisors-Private-Limited,6
Dalal and Broacha Stock Brocking Pvt Ltd,https://pmsbazaar.com/AMC/Dalal-and-Broacha-Stock-Brocking-Pvt-Ltd/PMS,Equity,1241.12,Nifty 50 TRI,Multi Cap & Flexi Cap,131,1M,2026-06-30,Aug 2007,"18 Yrs, 10 Months",556,13.86%,5.06%,1.23%,3.73%,23.27%,17.80%,14.25%,8.30%,13.44%,2026-08-12T16:02:23.224Z,https://pmsbazaar.com/Visitor/PMSComparison,Dalal and Broacha Stock Brocking Pvt Ltd - Long Term Growth,https://pmsbazaar.com/Strategy/Long_Term_Growth/Dalal-and-Broacha-Stock-Brocking-Pvt-Ltd,6
Dezerv Investments Private Limited,https://pmsbazaar.com/AMC/Dezerv-Investments-Private-Limited/PMS,Equity,1032.96,S&P BSE 500 TRI,Small & Mid Cap,132,1M,2026-06-30,May 2023,"3 Yrs, 1 Months",556,NA,4.99%,6.24%,6.95%,21.26%,21.60%,NA,7.12%,22.90%,2026-08-12T16:02:23.224Z,https://pmsbazaar.com/Visitor/PMSComparison,Dezerv Investments Private Limited - Alpha Focus Strategy,https://pmsbazaar.com/Strategy/Alpha_Focus_Strategy/Dezerv-Investments-Private-Limited,6
Right Horizons,https://pmsbazaar.com/AMC/Right-Horizons/PMS,Equity,34.21,S&P BSE 500 TRI,Multi Cap & Flexi Cap,133,1M,2026-06-30,Apr 2021,"5 Yrs, 2 Months",556,NA,4.99%,11.03%,2.68%,28.24%,14.08%,12.52%,4.90%,13.60%,2026-08-12T16:02:23.224Z,https://pmsbazaar.com/Visitor/PMSComparison,Right Horizons - Perennial,https://pmsbazaar.com/Strategy/Perennial/Right-Horizons,6
ICICI Prudential AMC Ltd,https://pmsbazaar.com/AMC/ICICI-Prudential-AMC-Ltd/PMS,Equity,1422.60,S&P BSE 500 TRI,Multi Cap & Flexi Cap,134,1M,2026-06-30,Dec 2010,"15 Yrs, 6 Months",556,14.63%,4.92%,2.41%,6.27%,14.93%,19.32%,15.58%,-0.30%,14.39%,2026-08-12T16:02:23.224Z,https://pmsbazaar.com/Visitor/PMSComparison,ICICI Prudential AMC Ltd - ACE Strategy,https://pmsbazaar.com/Strategy/ACE_Strategy/ICICI-Prudential-AMC-Ltd,6
Phillip Capital India Pvt Ltd,https://pmsbazaar.com/AMC/Phillip-Capital-India-Pvt-Ltd/PMS,Equity,246.73,S&P BSE 500 TRI,Multi Cap & Flexi Cap,135,1M,2026-06-30,May 2016,"10 Yrs, 1 Months",556,11.20%,4.92%,2.03%,2.78%,22.58%,8.77%,8.68%,4.19%,11.54%,2026-08-12T16:02:23.224Z,https://pmsbazaar.com/Visitor/PMSComparison,Phillip Capital India Pvt Ltd - Signature India Portfolio,https://pmsbazaar.com/Strategy/Signature_India_Portfolio/Phillip-Capital-India-Pvt-Ltd,6
Valcreate Investment Managers LLP,https://pmsbazaar.com/AMC/Valcreate-Investment-Managers-LLP/PMS,Equity,18.17,S&P BSE 500 TRI,Multi Cap & Flexi Cap,137,1M,2026-06-30,Feb 2023,"3 Yrs, 4 Months",556,NA,4.90%,2.50%,-0.75%,27.06%,12.67%,NA,11.02%,15.44%,2026-08-12T16:02:23.224Z,https://pmsbazaar.com/Visitor/PMSComparison,Valcreate Investment Managers LLP - Growing India,https://pmsbazaar.com/Strategy/Growing_India/Valcreate-Investment-Managers-LLP,6
Invesco Asset Management (I) Pvt Ltd,https://pmsbazaar.com/AMC/Invesco-Asset-Management-(I)-Pvt-Ltd/PMS,Equity,81.03,S&P BSE 500 TRI,Small & Mid Cap,136,1M,2026-06-30,Jun 2006,"20 Yrs, 0 Months",556,13.85%,4.90%,4.34%,4.31%,18.37%,15.87%,16.40%,6.88%,12.07%,2026-08-12T16:02:23.224Z,https://pmsbazaar.com/Visitor/PMSComparison,Invesco Asset Management (I) Pvt Ltd - Caterpillar,https://pmsbazaar.com/Strategy/Caterpillar/Invesco-Asset-Management-(I)-Pvt-Ltd,6
EquiPoise Capital Management Pvt Ltd,https://pmsbazaar.com/AMC/EquiPoise-Capital-Management-Pvt-Ltd/PMS,Equity,67.53,S&P BSE 500 TRI,Mid & Large Cap,139,1M,2026-06-30,Aug 2024,"1 Yrs, 10 Months",556,NA,4.88%,-1.21%,NA,18.91%,NA,NA,2.17%,1.32%,2026-08-12T16:02:23.225Z,https://pmsbazaar.com/Visitor/PMSComparison,EquiPoise Capital Management Pvt Ltd - New India Opportunities,https://pmsbazaar.com/Strategy/New_India_Opportunities/EquiPoise-Capital-Management-Pvt-Ltd,6
Phillip Capital India Pvt Ltd,https://pmsbazaar.com/AMC/Phillip-Capital-India-Pvt-Ltd/PMS,Equity,10.57,S&P BSE 500 TRI,Multi Cap & Flexi Cap,138,1M,2026-06-30,Dec 2017,"8 Yrs, 6 Months",556,NA,4.88%,-0.35%,-0.95%,23.89%,7.39%,7.98%,5.95%,10.54%,2026-08-12T16:02:23.225Z,https://pmsbazaar.com/Visitor/PMSComparison,Phillip Capital India Pvt Ltd - Ethical India Portfolio.,https://pmsbazaar.com/Strategy/Ethical_India_Portfolio/Phillip-Capital-India-Pvt-Ltd,6
Anand Rathi Advisors Ltd,https://pmsbazaar.com/AMC/Anand-Rathi-Advisors-Ltd/PMS,Equity,924,S&P BSE 500 TRI,Multi Cap & Flexi Cap,140,1M,2026-06-30,May 2017,"9 Yrs, 1 Months",556,NA,4.85%,-0.27%,5.01%,29.96%,18.99%,17.50%,11.44%,14.36%,2026-08-12T16:02:23.226Z,https://pmsbazaar.com/Visitor/PMSComparison,Anand Rathi Advisors Ltd - Impress PMS,https://pmsbazaar.com/Strategy/Impress_PMS/Anand-Rathi-Advisors-Ltd,6
Roha Asset Managers LLP,https://pmsbazaar.com/AMC/Roha-Asset-Managers-LLP/PMS,Equity,340.88,S&P BSE 500 TRI,Small & Mid Cap,141,1M,2026-06-30,Sep 2020,"5 Yrs, 9 Months",556,NA,4.83%,-4.65%,0.60%,24.75%,15.25%,16.32%,5.63%,27.48%,2026-08-12T16:02:23.226Z,https://pmsbazaar.com/Visitor/PMSComparison,Roha Asset Managers LLP - Emerging Champions Portfolio,https://pmsbazaar.com/Strategy/Emerging_Champions_Portfolio/Roha-Asset-Managers-LLP,6
Green Portfolio Pvt Ltd,https://pmsbazaar.com/AMC/Green-Portfolio-Pvt-Ltd/PMS,Equity,242.28,S&P BSE 500 TRI,Small Cap,142,1M,2026-06-30,Sep 2019,"6 Yrs, 9 Months",556,NA,4.82%,15.29%,11.21%,52.89%,21.42%,26.91%,22.70%,27.56%,2026-08-12T16:02:23.226Z,https://pmsbazaar.com/Visitor/PMSComparison,Green Portfolio Pvt Ltd - Super 30 Dynamic Fund,https://pmsbazaar.com/Strategy/Super_30_Dynamic_Fund/Green-Portfolio-Pvt-Ltd,6
EquiPoise Capital Management Pvt Ltd,https://pmsbazaar.com/AMC/EquiPoise-Capital-Management-Pvt-Ltd/PMS,Equity,9.20,S&P BSE 500 TRI,Small & Mid Cap,143,1M,2026-06-30,Aug 2024,"1 Yrs, 10 Months",556,NA,4.77%,-0.60%,NA,26.99%,NA,NA,6.34%,-1.59%,2026-08-12T16:02:23.226Z,https://pmsbazaar.com/Visitor/PMSComparison,EquiPoise Capital Management Pvt Ltd - Emerging Stars-,https://pmsbazaar.com/Strategy/EquiPoise_Emerging_Stars/EquiPoise-Capital-Management-Pvt-Ltd,6
Dynamic Equities Pvt Ltd,https://pmsbazaar.com/AMC/Dynamic-Equities-Pvt-Ltd/PMS,Equity,84.33,Nifty 50 TRI,Mid & Large Cap,144,1M,2026-06-30,Mar 2024,"2 Yrs, 3 Months",556,NA,4.72%,9.26%,9.49%,23.26%,NA,NA,14.15%,20.55%,2026-08-12T16:02:23.227Z,https://pmsbazaar.com/Visitor/PMSComparison,Dynamic Equities Pvt Ltd - Bluechip.,https://pmsbazaar.com/Strategy/Bluechip/Dynamic-Equities-Pvt-Ltd,6
Capitalmind Financial Services,https://pmsbazaar.com/AMC/Capitalmind-Financial-Services/PMS,Equity,17.63,Nifty 50 TRI,Multi Cap & Flexi Cap,145,1M,2026-06-30,Apr 2025,"1 Yrs, 2 Months",556,NA,4.71%,-6.90%,NA,13.23%,NA,NA,-0.03%,3.13%,2026-08-12T16:02:23.227Z,https://pmsbazaar.com/Visitor/PMSComparison,Capitalmind Financial Services - NRI Surge India-,https://pmsbazaar.com/Strategy/NRI_Surge_India/Capitalmind-Financial-Services,6
ABN Capital Asset Managers LLP,https://pmsbazaar.com/AMC/ABN-Capital-Asset-Managers-LLP/PMS,Equity,16.32,S&P BSE 500 TRI,Multi Cap & Flexi Cap,146,1M,2026-06-30,Jan 2026,"0 Yrs, 5 Months",556,NA,4.70%,NA,NA,18.80%,NA,NA,7.83%,7.83%,2026-08-12T16:02:23.227Z,https://pmsbazaar.com/Visitor/PMSComparison,ABN Capital Asset Managers LLP - Flagship Equity,https://pmsbazaar.com/Strategy/Flagship_Equity/ABN-Capital-Asset-Managers-LLP,6
Abakkus Asset Manager Private Limited,https://pmsbazaar.com/AMC/Abakkus-Asset-Manager-Private-Limited/PMS,Equity,5943.14,S&P BSE 500 TRI,Small & Mid Cap,147,1M,2026-06-30,Oct 2020,"5 Yrs, 8 Months",556,NA,4.69%,-1.69%,4.55%,19.25%,17.34%,16.32%,0.39%,26.43%,2026-08-12T16:02:23.227Z,https://pmsbazaar.com/Visitor/PMSComparison,Abakkus Asset Manager Private Limited - Emerging Opportunities,https://pmsbazaar.com/Strategy/Emerging_Opportunities/Abakkus-Asset-Manager-Private-Limited,6
Motilal Oswal Asset Management Company Ltd,https://pmsbazaar.com/AMC/Motilal-Oswal-Asset-Management-Company-Ltd/PMS,Equity,4097.29,S&P BSE 500 TRI,Multi Cap & Flexi Cap,148,1M,2026-06-30,Mar 2023,"3 Yrs, 3 Months",556,NA,4.65%,1.38%,5.92%,21.70%,21.99%,NA,7.00%,25.71%,2026-08-12T16:02:23.227Z,https://pmsbazaar.com/Visitor/PMSComparison,Motilal Oswal Asset Management Company Ltd - Founders.,https://pmsbazaar.com/Strategy/Founders/Motilal-Oswal-Asset-Management-Company-Ltd,6
Avestha Fund Management LLP,https://pmsbazaar.com/AMC/Avestha-Fund-Management-LLP/PMS,Equity,1498.20,S&P BSE 500 TRI,Multi Cap & Flexi Cap,149,1M,2026-06-30,Nov 2017,"8 Yrs, 7 Months",556,NA,4.63%,-2.76%,7.40%,28.61%,15.29%,19.27%,6.81%,16.35%,2026-08-12T16:02:23.227Z,https://pmsbazaar.com/Visitor/PMSComparison,Avestha Fund Management LLP - Long Term Growth,https://pmsbazaar.com/Strategy/Long_Term_Growth/Avestha-Fund-Management-LLP,6
Motilal Oswal Asset Management Company Ltd,https://pmsbazaar.com/AMC/Motilal-Oswal-Asset-Management-Company-Ltd/PMS,Equity,314.02,S&P BSE 500 TRI,Multi Cap & Flexi Cap,150,1M,2026-06-30,Nov 2023,"2 Yrs, 7 Months",556,NA,4.58%,14.01%,9.99%,26.27%,NA,NA,15.45%,20.95%,2026-08-12T16:02:23.227Z,https://pmsbazaar.com/Visitor/PMSComparison,Motilal Oswal Asset Management Company Ltd - India Growth Strategy.,https://pmsbazaar.com/Strategy/India_Growth_Strategy/Motilal-Oswal-Asset-Management-Company-Ltd,6
Marcellus Investment Managers Pvt Ltd,https://pmsbazaar.com/AMC/Marcellus-Investment-Managers-Pvt-Ltd/PMS,Equity,41.64,S&P BSE 500 TRI,Multi Cap & Flexi Cap,151,1M,2026-06-30,Nov 2022,"3 Yrs, 7 Months",556,NA,4.56%,-3.45%,3.32%,15.98%,14.15%,NA,-1.64%,12.01%,2026-08-12T16:02:26.150Z,https://pmsbazaar.com/Visitor/PMSComparison,Marcellus Investment Managers Pvt Ltd - Meritor Q.,https://pmsbazaar.com/Strategy/Meritor_Q/Marcellus-Investment-Managers-Pvt-Ltd,7
Omniscience Capital Advisors Private Limited,https://pmsbazaar.com/AMC/Omniscience-Capital-Advisors-Private-Limited/PMS,Equity,1.41,S&P BSE 500 TRI,Small & Mid Cap,152,1M,2026-06-30,Nov 2025,"0 Yrs, 7 Months",556,NA,4.54%,NA,NA,25.67%,NA,NA,2.12%,-3.04%,2026-08-12T16:02:26.151Z,https://pmsbazaar.com/Visitor/PMSComparison,Omniscience Capital Advisors Private Limited - Omni Victors,https://pmsbazaar.com/Strategy/Omni_Victors/Omniscience-Capital-Advisors-Private-Limited,7
Unifi Capital Pvt Ltd,https://pmsbazaar.com/AMC/Unifi-Capital-Pvt-Ltd/PMS,Equity,1940.15,S&P BSE 500 TRI,Mid Cap,153,1M,2026-06-30,Jan 2022,"4 Yrs, 5 Months",556,NA,4.53%,-6.97%,-0.64%,17.62%,9.08%,NA,-1.85%,10.76%,2026-08-12T16:02:26.151Z,https://pmsbazaar.com/Visitor/PMSComparison,Unifi Capital Pvt Ltd - BCAD2  Breakout 20,https://pmsbazaar.com/Strategy/BCAD2__Breakout_20/Unifi-Capital-Pvt-Ltd,7
Maxiom Asset Management Pvt Ltd,https://pmsbazaar.com/AMC/Maxiom-Asset-Management-Pvt-Ltd/PMS,Equity,20.10,Nifty 50 TRI,Small Cap,155,1M,2026-06-30,Jun 2023,"3 Yrs, 0 Months",556,NA,4.51%,-5.18%,-1.06%,26.96%,10.40%,NA,2.53%,10.33%,2026-08-12T16:02:26.151Z,https://pmsbazaar.com/Visitor/PMSComparison,Maxiom Asset Management Pvt Ltd - SPARK,https://pmsbazaar.com/Strategy/Maxiom_PMS_-_SPARK/Maxiom-Asset-Management-Pvt-Ltd,7
Care Portfolio Managers Pvt Ltd,https://pmsbazaar.com/AMC/Care-Portfolio-Managers-Pvt-Ltd/PMS,Equity,972.43,S&P BSE 500 TRI,Small & Mid Cap,154,1M,2026-06-30,Jul 2011,"14 Yrs, 11 Months",556,13.69%,4.51%,2.86%,1.67%,22.06%,19.66%,16.04%,8.81%,20.30%,2026-08-12T16:02:26.151Z,https://pmsbazaar.com/Visitor/PMSComparison,Care Portfolio Managers Pvt Ltd - Growth Plus Value,https://pmsbazaar.com/Strategy/Growth_Plus_Value/Care-Portfolio-Managers-Pvt-Ltd,7
ASK Investment Managers Ltd,https://pmsbazaar.com/AMC/ASK-Investment-Managers-Ltd/PMS,Equity,164,Nifty 50 TRI,Sector Fund,156,1M,2026-06-30,Jun 2018,"8 Yrs, 0 Months",556,NA,4.50%,-5.90%,9.58%,12.14%,9.64%,8.03%,-8.44%,8.17%,2026-08-12T16:02:26.152Z,https://pmsbazaar.com/Visitor/PMSComparison,ASK Investment Managers Ltd - ASK  Financial Opportunities Portfolio,https://pmsbazaar.com/Strategy/ASK__Financial_Opportunities_Portfolio/ASK-Investment-Managers-Ltd,7
Bharat Bhushan Equity Traders Limited,https://pmsbazaar.com/AMC/Bharat-Bhushan-Equity-Traders-Limited/PMS,Equity,12.06,S&P BSE 500 TRI,Multi Cap & Flexi Cap,157,1M,2026-06-30,Feb 2025,"1 Yrs, 4 Months",556,NA,4.47%,11.07%,NA,24.09%,NA,NA,11.05%,28.25%,2026-08-12T16:02:26.152Z,https://pmsbazaar.com/Visitor/PMSComparison,Bharat Bhushan Equity Traders Limited - BB Bluechip,https://pmsbazaar.com/Strategy/BB_Bluechip/Bharat-Bhushan-Equity-Traders-Limited,7
Negen Capital Services Pvt Ltd,https://pmsbazaar.com/AMC/Negen-Capital-Services-Pvt-Ltd/PMS,Equity,1451.43,S&P BSE 500 TRI,Multi Cap & Flexi Cap,158,1M,2026-06-30,Aug 2017,"8 Yrs, 10 Months",556,NA,4.46%,-0.98%,9.96%,25.26%,24.40%,20.61%,5.19%,17.51%,2026-08-12T16:02:26.152Z,https://pmsbazaar.com/Visitor/PMSComparison,Negen Capital Services Pvt Ltd - Special Situations and Dynamic Allocation Strategy,https://pmsbazaar.com/Strategy/Special_Situations_and_Dynamic_Allocation_Strategy/Negen-Capital-Services-Pvt-Ltd,7
Girik Wealth Advisors Pvt Ltd,https://pmsbazaar.com/AMC/Girik-Wealth-Advisors-Pvt-Ltd/PMS,Equity,1571.19,Nifty 50 TRI,Multi Cap & Flexi Cap,159,1M,2026-06-30,Dec 2009,"16 Yrs, 6 Months",556,17.07%,4.45%,2.56%,0.12%,15.72%,17.18%,13.26%,-1.08%,18.90%,2026-08-12T16:02:26.152Z,https://pmsbazaar.com/Visitor/PMSComparison,Girik Wealth Advisors Pvt Ltd - Multicap Growth Equity Strategy,https://pmsbazaar.com/Strategy/Multicap_Growth_Equity_Strategy/Girik-Wealth-Advisors-Pvt-Ltd,7
Sowilo Investment Managers,https://pmsbazaar.com/AMC/Sowilo-Investment-Managers/PMS,Equity,165.53,S&P BSE 500 TRI,Multi Cap & Flexi Cap,160,1M,2026-06-30,Jun 2023,"3 Yrs, 0 Months",556,NA,4.44%,6.05%,7.14%,26.90%,19.95%,NA,8.63%,20.44%,2026-08-12T16:02:26.153Z,https://pmsbazaar.com/Visitor/PMSComparison,Sowilo Investment Managers - Multicap Fund.,https://pmsbazaar.com/Strategy/Multicap_Fund/Sowilo-Investment-Managers,7
Emkay Investment Managers Ltd,https://pmsbazaar.com/AMC/Emkay-Investment-Managers-Ltd/PMS,Equity,532.34,S&P BSE 500 TRI,Multi Cap & Flexi Cap,162,1M,2026-06-30,Apr 2013,"13 Yrs, 2 Months",556,13.70%,4.43%,2.67%,7.48%,11.82%,15.85%,15.85%,-4.27%,15.85%,2026-08-12T16:02:26.153Z,https://pmsbazaar.com/Visitor/PMSComparison,Emkay Investment Managers Ltd - Capital Builder,https://pmsbazaar.com/Strategy/Capital_Builder/Emkay-Investment-Managers-Ltd,7
Geojit Financial Services Ltd,https://pmsbazaar.com/AMC/Geojit-Financial-Services-Ltd/PMS,Equity,183.55,S&P BSE 500 TRI,Multi Cap & Flexi Cap,161,1M,2026-06-30,Jul 2024,"1 Yrs, 11 Months",556,NA,4.43%,2.77%,NA,22.06%,NA,NA,4.25%,-2.62%,2026-08-12T16:02:26.153Z,https://pmsbazaar.com/Visitor/PMSComparison,Geojit Financial Services Ltd - Beacon Portfolio,https://pmsbazaar.com/Strategy/Beacon_Portfolio/Geojit-Financial-Services-Ltd,7
Marcellus Investment Managers Pvt Ltd,https://pmsbazaar.com/AMC/Marcellus-Investment-Managers-Pvt-Ltd/PMS,Equity,129.18,S&P BSE 500 TRI,Mid Cap,163,1M,2026-06-30,Aug 2019,"6 Yrs, 10 Months",556,NA,4.41%,-6.34%,-1.86%,16.10%,1.06%,-0.22%,0.44%,11.02%,2026-08-12T16:02:26.153Z,https://pmsbazaar.com/Visitor/PMSComparison,Marcellus Investment Managers Pvt Ltd - Little Champs,https://pmsbazaar.com/Strategy/Little_Champs/Marcellus-Investment-Managers-Pvt-Ltd,7
Right Horizons,https://pmsbazaar.com/AMC/Right-Horizons/PMS,Equity,39.97,Nifty 50 TRI,Large Cap,164,1M,2026-06-30,Nov 2012,"13 Yrs, 7 Months",556,11.21%,4.38%,-6.43%,-0.70%,15.25%,11.14%,10.43%,-3.15%,10.44%,2026-08-12T16:02:26.154Z,https://pmsbazaar.com/Visitor/PMSComparison,Right Horizons - India Business Leader,https://pmsbazaar.com/Strategy/India_Business_Leader/Right-Horizons,7
Ladderup Wealth Management Pvt Ltd,https://pmsbazaar.com/AMC/Ladderup-Wealth-Management-Pvt-Ltd/PMS,Equity,100.89,S&P BSE 500 TRI,Multi Cap & Flexi Cap,166,1M,2026-06-30,May 2023,"3 Yrs, 1 Months",556,NA,4.36%,-5.81%,0.60%,17.91%,6.83%,NA,-8.08%,8.55%,2026-08-12T16:02:26.154Z,https://pmsbazaar.com/Visitor/PMSComparison,Ladderup Wealth Management Pvt Ltd - Proud PMS.,https://pmsbazaar.com/Strategy/Proud_PMS/Ladderup-Wealth-Management-Pvt-Ltd,7
Fortune Wealth Mgnt Co India Pvt Ltd,https://pmsbazaar.com/AMC/Fortune-Wealth-Mgnt-Co-India-Pvt-Ltd/PMS,Equity,370.58,S&P BSE 500 TRI,Multi Cap & Flexi Cap,165,1M,2026-06-30,Jun 2024,"2 Yrs, 0 Months",556,NA,4.36%,7.19%,5.01%,21.17%,NA,NA,4.99%,7.55%,2026-08-12T16:02:26.154Z,https://pmsbazaar.com/Visitor/PMSComparison,Fortune Wealth Mgnt Co India Pvt Ltd - Multicap Value Fund.,https://pmsbazaar.com/Strategy/Multicap_Value_Fund/Fortune-Wealth-Mgnt-Co-India-Pvt-Ltd,7
Omniscience Capital Advisors Private Limited,https://pmsbazaar.com/AMC/Omniscience-Capital-Advisors-Private-Limited/PMS,Equity,1.24,S&P BSE 500 TRI,Thematic,167,1M,2026-06-30,Nov 2025,"0 Yrs, 7 Months",556,NA,4.35%,NA,NA,20.88%,NA,NA,-0.53%,-6.35%,2026-08-12T16:02:26.154Z,https://pmsbazaar.com/Visitor/PMSComparison,Omniscience Capital Advisors Private Limited - Omni Services Corp,https://pmsbazaar.com/Strategy/Omni_Services_Corp/Omniscience-Capital-Advisors-Private-Limited,7
TCG Advisory Service Pvt Ltd,https://pmsbazaar.com/AMC/TCG-Advisory-Service-Pvt-Ltd/PMS,Equity,2.45,S&P BSE 500 TRI,Multi Cap & Flexi Cap,169,1M,2026-06-30,Nov 2024,"1 Yrs, 7 Months",556,NA,4.34%,19.80%,NA,28.81%,NA,NA,23.32%,15.34%,2026-08-12T16:02:26.154Z,https://pmsbazaar.com/Visitor/PMSComparison,TCG Advisory Service Pvt Ltd - India Investment Opportunities Portfolio,https://pmsbazaar.com/Strategy/India_Investment_Opportunities_Portfolio/TCG-Advisory-Service-Pvt-Ltd,7
CapGrow Capital Advisors LLP,https://pmsbazaar.com/AMC/CapGrow-Capital-Advisors-LLP/PMS,Equity,129.41,S&P BSE 500 TRI,Multi Cap & Flexi Cap,170,1M,2026-06-30,Oct 2018,"7 Yrs, 8 Months",556,NA,4.34%,-6.39%,1.56%,23.73%,11.91%,12.23%,4.60%,15.78%,2026-08-12T16:02:26.155Z,https://pmsbazaar.com/Visitor/PMSComparison,CapGrow Capital Advisors LLP - Special Situations,https://pmsbazaar.com/Strategy/Special_Situations/CapGrow-Capital-Advisors-LLP,7
Bharat Bhushan Equity Traders Limited,https://pmsbazaar.com/AMC/Bharat-Bhushan-Equity-Traders-Limited/PMS,Equity,17.90,S&P BSE 500 TRI,Multi Cap & Flexi Cap,168,1M,2026-06-30,Mar 2025,"1 Yrs, 3 Months",556,NA,4.34%,27.74%,NA,30.40%,NA,NA,21.65%,37.19%,2026-08-12T16:02:26.155Z,https://pmsbazaar.com/Visitor/PMSComparison,Bharat Bhushan Equity Traders Limited - BB Money Plant,https://pmsbazaar.com/Strategy/BB_Money_Plant/Bharat-Bhushan-Equity-Traders-Limited,7
Right Horizons,https://pmsbazaar.com/AMC/Right-Horizons/PMS,Equity,197.91,S&P BSE 500 TRI,Mid Cap,172,1M,2026-06-30,Nov 2012,"13 Yrs, 7 Months",556,16.01%,4.30%,5.91%,5.65%,31.08%,15.43%,17.05%,7.08%,15.60%,2026-08-12T16:02:26.155Z,https://pmsbazaar.com/Visitor/PMSComparison,Right Horizons - Super Value,https://pmsbazaar.com/Strategy/Super_Value/Right-Horizons,7
Equirus Wealth Pvt Ltd,https://pmsbazaar.com/AMC/Equirus-Wealth-Pvt-Ltd/PMS,Equity,110.01,S&P BSE 500 TRI,Multi Cap & Flexi Cap,171,1M,2026-06-30,Nov 2025,"0 Yrs, 7 Months",556,NA,4.30%,NA,NA,21.21%,NA,NA,8.18%,9.46%,2026-08-12T16:02:26.155Z,https://pmsbazaar.com/Visitor/PMSComparison,Equirus Wealth Pvt Ltd - Flexi Cap Fund,https://pmsbazaar.com/Strategy/Flexi_Cap_Fund/Equirus-Wealth-Pvt-Ltd,7
BugleRock Capital Pvt Ltd,https://pmsbazaar.com/AMC/BugleRock-Capital-Pvt-Ltd/PMS,Equity,1285.46,S&P BSE 500 TRI,Multi Cap & Flexi Cap,173,1M,2026-06-30,Apr 2019,"7 Yrs, 2 Months",556,NA,4.28%,-4.73%,2.52%,13.87%,10.43%,11.69%,-4.86%,13.19%,2026-08-12T16:02:26.155Z,https://pmsbazaar.com/Visitor/PMSComparison,BugleRock Capital Pvt Ltd - Core Value Strategy - Concentrated Option,https://pmsbazaar.com/Strategy/Core_Value_Strategy_-_Concentrated_Option/BugleRock-Capital-Pvt-Ltd,7
Unifi Capital Pvt Ltd,https://pmsbazaar.com/AMC/Unifi-Capital-Pvt-Ltd/PMS,Equity,11426.63,S&P BSE 500 TRI,Multi Cap & Flexi Cap,174,1M,2026-06-30,Jun 2017,"9 Yrs, 0 Months",556,NA,4.26%,-5.56%,0.89%,17.96%,9.87%,11.23%,-0.31%,17.60%,2026-08-12T16:02:26.156Z,https://pmsbazaar.com/Visitor/PMSComparison,Unifi Capital Pvt Ltd - Blended Rangoli,https://pmsbazaar.com/Strategy/Blended_Rangoli/Unifi-Capital-Pvt-Ltd,7
Vallum Capital Advisor Pvt Ltd,https://pmsbazaar.com/AMC/Vallum-Capital-Advisor-Pvt-Ltd/PMS,Equity,1256.82,S&P BSE 500 TRI,Small & Mid Cap,175,1M,2026-06-30,Sep 2020,"5 Yrs, 9 Months",556,NA,4.25%,-2.16%,-2.70%,25.50%,11.44%,12.57%,6.71%,19.46%,2026-08-12T16:02:26.156Z,https://pmsbazaar.com/Visitor/PMSComparison,Vallum Capital Advisor Pvt Ltd - Vallum India Discovery,https://pmsbazaar.com/Strategy/Vallum_India_Discovery/Vallum-Capital-Advisor-Pvt-Ltd,7
Emkay Investment Managers Ltd,https://pmsbazaar.com/AMC/Emkay-Investment-Managers-Ltd/PMS,Equity,98.06,S&P BSE 500 TRI,Multi Cap & Flexi Cap,176,1M,2026-06-30,Oct 2023,"2 Yrs, 8 Months",556,NA,4.24%,-0.28%,7.06%,19.30%,NA,NA,1.40%,13.93%,2026-08-12T16:02:29.122Z,https://pmsbazaar.com/Visitor/PMSComparison,Emkay Investment Managers Ltd - Golden Decade of Growth,https://pmsbazaar.com/Strategy/Golden_Decade_of_Growth/Emkay-Investment-Managers-Ltd,8
Master Portfolio Services Ltd,https://pmsbazaar.com/AMC/Master-Portfolio-Services-Ltd/PMS,Equity,381.88,S&P BSE 500 TRI,Mid Cap,177,1M,2026-06-30,Oct 2011,"14 Yrs, 8 Months",556,18.51%,4.24%,0.73%,4.55%,22.93%,15.00%,15.18%,5.64%,24.26%,2026-08-12T16:02:29.122Z,https://pmsbazaar.com/Visitor/PMSComparison,Master Portfolio Services Ltd - Master Trust India Growth Strategy,https://pmsbazaar.com/Strategy/Master_Trust_India_Growth_Strategy/Master-Portfolio-Services-Ltd,8
Purnartha Investment Advisers Pvt Ltd,https://pmsbazaar.com/AMC/Purnartha-Investment-Advisers-Pvt-Ltd/PMS,Equity,398.02,S&P BSE 500 TRI,Mid Cap,178,1M,2026-06-30,Feb 2023,"3 Yrs, 4 Months",556,NA,4.23%,6.75%,8.38%,24.43%,15.20%,NA,7.81%,15.94%,2026-08-12T16:02:29.122Z,https://pmsbazaar.com/Visitor/PMSComparison,Purnartha Investment Advisers Pvt Ltd - Dynamic Midcap Strategy,https://pmsbazaar.com/Strategy/Dynamic_Midcap_Strategy/Purnartha-Investment-Advisers-Pvt-Ltd,8
Motilal Oswal Asset Management Company Ltd,https://pmsbazaar.com/AMC/Motilal-Oswal-Asset-Management-Company-Ltd/PMS,Equity,3236.09,S&P BSE 500 TRI,Multi Cap & Flexi Cap,180,1M,2026-06-30,Feb 2003,"23 Yrs, 4 Months",556,12.94%,4.18%,-6.00%,3.24%,19.51%,19.25%,14.76%,5.07%,18.94%,2026-08-12T16:02:29.122Z,https://pmsbazaar.com/Visitor/PMSComparison,Motilal Oswal Asset Management Company Ltd - Value Migration,https://pmsbazaar.com/Strategy/Value_Migration/Motilal-Oswal-Asset-Management-Company-Ltd,8
Marcellus Investment Managers Pvt Ltd,https://pmsbazaar.com/AMC/Marcellus-Investment-Managers-Pvt-Ltd/PMS,Equity,91.98,S&P BSE 500 TRI,Mid Cap,179,1M,2026-06-30,Dec 2021,"4 Yrs, 6 Months",556,NA,4.18%,-6.96%,1.01%,15.91%,5.59%,NA,-0.14%,-0.56%,2026-08-12T16:02:29.123Z,https://pmsbazaar.com/Visitor/PMSComparison,Marcellus Investment Managers Pvt Ltd - Rising Giants Portfolio,https://pmsbazaar.com/Strategy/Rising_Giants_Portfolio/Marcellus-Investment-Managers-Pvt-Ltd,8
Valentis Advisors Pvt Ltd,https://pmsbazaar.com/AMC/Valentis-Advisors-Pvt-Ltd/PMS,Equity,293.27,S&P BSE 500 TRI,Multi Cap & Flexi Cap,182,1M,2026-06-30,Oct 2018,"7 Yrs, 8 Months",556,NA,4.17%,5.27%,1.29%,22.13%,12.31%,14.12%,10.54%,17.80%,2026-08-12T16:02:29.123Z,https://pmsbazaar.com/Visitor/PMSComparison,Valentis Advisors Pvt Ltd - Multi-Cap Fund,https://pmsbazaar.com/Strategy/Multi-Cap_Fund/Valentis-Advisors-Pvt-Ltd,8
Motilal Oswal Asset Management Company Ltd,https://pmsbazaar.com/AMC/Motilal-Oswal-Asset-Management-Company-Ltd/PMS,Equity,2286.13,S&P BSE 500 TRI,Small & Mid Cap,181,1M,2026-06-30,Dec 2019,"6 Yrs, 6 Months",556,NA,4.17%,8.64%,10.19%,31.50%,24.43%,15.10%,15.36%,23.47%,2026-08-12T16:02:29.123Z,https://pmsbazaar.com/Visitor/PMSComparison,Motilal Oswal Asset Management Company Ltd - Mid to Mega Strategy,https://pmsbazaar.com/Strategy/Mid_to_Mega_Strategy/Motilal-Oswal-Asset-Management-Company-Ltd,8
Right Horizons,https://pmsbazaar.com/AMC/Right-Horizons/PMS,Equity,91.75,S&P BSE 500 TRI,Small Cap,183,1M,2026-06-30,May 2023,"3 Yrs, 1 Months",556,NA,4.16%,5.94%,6.59%,29.08%,16.89%,NA,5.52%,22.61%,2026-08-12T16:02:29.123Z,https://pmsbazaar.com/Visitor/PMSComparison,Right Horizons - Super Value Aggressive.,https://pmsbazaar.com/Strategy/Super_Value_Aggressive/Right-Horizons,8
Valentis Advisors Pvt Ltd,https://pmsbazaar.com/AMC/Valentis-Advisors-Pvt-Ltd/PMS,Equity,1078.06,S&P BSE 500 TRI,Small Cap,184,1M,2026-06-30,Aug 2016,"9 Yrs, 10 Months",556,NA,4.15%,10.76%,3.68%,28.36%,13.71%,16.16%,15.66%,17.28%,2026-08-12T16:02:29.124Z,https://pmsbazaar.com/Visitor/PMSComparison,Valentis Advisors Pvt Ltd - Rising Star Opportunity,https://pmsbazaar.com/Strategy/Rising_Star_Opportunity/Valentis-Advisors-Pvt-Ltd,8
Invesco Asset Management (I) Pvt Ltd,https://pmsbazaar.com/AMC/Invesco-Asset-Management-(I)-Pvt-Ltd/PMS,Equity,337.50,S&P BSE 500 TRI,Small & Mid Cap,185,1M,2026-06-30,Apr 2016,"10 Yrs, 2 Months",556,ND,4.12%,8.24%,5.24%,12.60%,17.97%,14.81%,2.74%,14.01%,2026-08-12T16:02:29.124Z,https://pmsbazaar.com/Visitor/PMSComparison,Invesco Asset Management (I) Pvt Ltd - RISE,https://pmsbazaar.com/Strategy/RISE/Invesco-Asset-Management-(I)-Pvt-Ltd,8
Asit C Mehta Investment Intermediates Ltd,https://pmsbazaar.com/AMC/Asit-C-Mehta-Investment-Intermediates-Ltd/PMS,Equity,116.96,S&P BSE 500 TRI,Multi Cap & Flexi Cap,186,1M,2026-06-30,Aug 2018,"7 Yrs, 10 Months",556,NA,4.11%,2.88%,0.37%,15.08%,25.79%,23.04%,-1.02%,18.64%,2026-08-12T16:02:29.124Z,https://pmsbazaar.com/Visitor/PMSComparison,Asit C Mehta Investment Intermediates Ltd - ACE - Multicap,https://pmsbazaar.com/Strategy/ACE_-_Multicap/Asit-C-Mehta-Investment-Intermediates-Ltd,8
Omniscience Capital Advisors Private Limited,https://pmsbazaar.com/AMC/Omniscience-Capital-Advisors-Private-Limited/PMS,Equity,0.05,S&P BSE 500 TRI,Multi Cap & Flexi Cap,187,1M,2026-06-30,Nov 2025,"0 Yrs, 7 Months",556,NA,4.08%,NA,NA,21.08%,NA,NA,0.32%,-3.45%,2026-08-12T16:02:29.124Z,https://pmsbazaar.com/Visitor/PMSComparison,Omniscience Capital Advisors Private Limited - Omni Amrit Kaal,https://pmsbazaar.com/Strategy/Omni_Amrit_Kaal/Omniscience-Capital-Advisors-Private-Limited,8
Carnelian Asset Management and  Advisors Pvt Ltd,https://pmsbazaar.com/AMC/Carnelian-Asset-Management-and--Advisors-Pvt-Ltd/PMS,Equity,2094.18,S&P BSE 500 TRI,Multi Cap & Flexi Cap,188,1M,2026-06-30,May 2019,"7 Yrs, 1 Months",556,NA,4.05%,12.04%,11.83%,22.33%,23.50%,17.56%,3.77%,19.34%,2026-08-12T16:02:29.124Z,https://pmsbazaar.com/Visitor/PMSComparison,Carnelian Asset Management and  Advisors Pvt Ltd - Capital  Compounder,https://pmsbazaar.com/Strategy/Capital__Compounder/Carnelian-Asset-Management-and--Advisors-Pvt-Ltd,8
Asit C Mehta Investment Intermediates Ltd,https://pmsbazaar.com/AMC/Asit-C-Mehta-Investment-Intermediates-Ltd/PMS,Equity,4.45,S&P BSE 500 TRI,Large Cap,189,1M,2026-06-30,Dec 2017,"8 Yrs, 6 Months",556,NA,4.02%,5.70%,5.26%,12.50%,19.11%,16.76%,0.80%,12.83%,2026-08-12T16:02:29.124Z,https://pmsbazaar.com/Visitor/PMSComparison,Asit C Mehta Investment Intermediates Ltd - ACE Bluechip,https://pmsbazaar.com/Strategy/ACE_Bluechip/Asit-C-Mehta-Investment-Intermediates-Ltd,8
Fortuna Asset Managers LLP,https://pmsbazaar.com/AMC/Fortuna-Asset-Managers-LLP/PMS,Equity,88.74,S&P BSE 500 TRI,Multi Cap & Flexi Cap,190,1M,2026-06-30,Jul 2023,"2 Yrs, 11 Months",556,NA,4.00%,16.84%,15.26%,29.56%,NA,NA,9.73%,28.66%,2026-08-12T16:02:29.125Z,https://pmsbazaar.com/Visitor/PMSComparison,Fortuna Asset Managers LLP - Long term Capital Compounding Approach,https://pmsbazaar.com/Strategy/Long_term_Capital_Compounding_Approach/Fortuna-Asset-Managers-LLP,8
Unifi Capital Pvt Ltd,https://pmsbazaar.com/AMC/Unifi-Capital-Pvt-Ltd/PMS,Equity,230.80,S&P BSE 500 TRI,Mid Cap,191,1M,2026-06-30,Apr 2018,"8 Yrs, 2 Months",556,NA,3.95%,-8.27%,-1.14%,15.71%,8.08%,10.29%,-4.53%,12.81%,2026-08-12T16:02:29.125Z,https://pmsbazaar.com/Visitor/PMSComparison,Unifi Capital Pvt Ltd - BCAD,https://pmsbazaar.com/Strategy/BCAD/Unifi-Capital-Pvt-Ltd,8
BugleRock Capital Pvt Ltd,https://pmsbazaar.com/AMC/BugleRock-Capital-Pvt-Ltd/PMS,Equity,79.59,S&P BSE 500 TRI,Small & Mid Cap,192,1M,2026-06-30,Aug 2022,"3 Yrs, 10 Months",556,NA,3.93%,1.66%,0.99%,22.05%,18.89%,NA,7.12%,25.94%,2026-08-12T16:02:29.125Z,https://pmsbazaar.com/Visitor/PMSComparison,BugleRock Capital Pvt Ltd - Special Situations Portfolio,https://pmsbazaar.com/Strategy/Special_Situations_Portfolio/BugleRock-Capital-Pvt-Ltd,8
Fortune Wealth Mgnt Co India Pvt Ltd,https://pmsbazaar.com/AMC/Fortune-Wealth-Mgnt-Co-India-Pvt-Ltd/PMS,Multiasset,27.37,S&P BSE 500 TRI,Multi Asset,194,1M,2026-06-30,Mar 2025,"1 Yrs, 3 Months",556,NA,3.90%,1.98%,NA,18.85%,NA,NA,4.28%,12.82%,2026-08-12T16:02:29.126Z,https://pmsbazaar.com/Visitor/PMSComparison,Fortune Wealth Mgnt Co India Pvt Ltd - Quantitative Alpha Fund-,https://pmsbazaar.com/Strategy/Quantitative_Alpha_Fund/Fortune-Wealth-Mgnt-Co-India-Pvt-Ltd,8
Sanctum Wealth Pvt Ltd,https://pmsbazaar.com/AMC/Sanctum-Wealth-Pvt-Ltd/PMS,Equity,147.56,S&P BSE 500 TRI,Multi Cap & Flexi Cap,193,1M,2026-06-30,Nov 2016,"9 Yrs, 7 Months",556,NA,3.90%,-2.42%,1.15%,18.14%,8.40%,9.79%,0.08%,12.54%,2026-08-12T16:02:29.126Z,https://pmsbazaar.com/Visitor/PMSComparison,Sanctum Wealth Pvt Ltd - Indian Titans,https://pmsbazaar.com/Strategy/Indian_Titans/Sanctum-Wealth-Pvt-Ltd,8
Badjate Wealth Private Limited,https://pmsbazaar.com/AMC/Badjate-Wealth-Private-Limited/PMS,Equity,156.66,S&P BSE 500 TRI,Small & Mid Cap,196,1M,2026-06-30,Jul 2021,"4 Yrs, 11 Months",556,NA,3.89%,-0.67%,2.85%,23.33%,24.73%,NA,7.59%,18.92%,2026-08-12T16:02:29.127Z,https://pmsbazaar.com/Visitor/PMSComparison,Badjate Wealth Private Limited - Multicap Fund,https://pmsbazaar.com/Strategy/Badjate_Multicap_Fund/Badjate-Wealth-Private-Limited,8
Motilal Oswal Asset Management Company Ltd,https://pmsbazaar.com/AMC/Motilal-Oswal-Asset-Management-Company-Ltd/PMS,Equity,76.66,S&P BSE 500 TRI,Multi Cap & Flexi Cap,195,1M,2026-06-30,Jun 2021,"5 Yrs, 0 Months",556,NA,3.89%,12.87%,-0.54%,23.11%,15.08%,12.38%,10.46%,13.14%,2026-08-12T16:02:29.128Z,https://pmsbazaar.com/Visitor/PMSComparison,Motilal Oswal Asset Management Company Ltd - Ethical Strategy,https://pmsbazaar.com/Strategy/Ethical_Strategy/Motilal-Oswal-Asset-Management-Company-Ltd,8
NAFA Asset Managers Pvt Ltd,https://pmsbazaar.com/AMC/NAFA-Asset-Managers-Pvt-Ltd/PMS,Equity,445.06,S&P BSE 500 TRI,Mid Cap,197,1M,2026-06-30,Mar 2016,"10 Yrs, 3 Months",556,14.54%,3.82%,-4.72%,-2.18%,19.22%,12.83%,15.74%,-0.55%,14.88%,2026-08-12T16:02:29.128Z,https://pmsbazaar.com/Visitor/PMSComparison,NAFA Asset Managers Pvt Ltd - Emerging Bluechip Portfolio,https://pmsbazaar.com/Strategy/Emerging_Bluechip_Portfolio/NAFA-Asset-Managers-Pvt-Ltd,8
Fractal Capital Investments LLP,https://pmsbazaar.com/AMC/Fractal-Capital-Investments-LLP/PMS,Equity,35.56,S&P BSE 500 TRI,Multi Cap & Flexi Cap,199,1M,2026-06-30,Jun 2022,"4 Yrs, 0 Months",556,NA,3.82%,-8.76%,2.65%,21.62%,13.90%,NA,-2.37%,18.13%,2026-08-12T16:02:29.128Z,https://pmsbazaar.com/Visitor/PMSComparison,Fractal Capital Investments LLP - Opportunities,https://pmsbazaar.com/Strategy/Opportunities/Fractal-Capital-Investments-LLP,8
InCred Asset Management,https://pmsbazaar.com/AMC/InCred-Asset-Management/PMS,Equity,187.92,S&P BSE 500 TRI,Multi Cap & Flexi Cap,198,1M,2026-06-30,Feb 2021,"5 Yrs, 4 Months",556,NA,3.82%,-9.38%,-1.79%,16.71%,12.14%,11.54%,-6.21%,12.73%,2026-08-12T16:02:29.128Z,https://pmsbazaar.com/Visitor/PMSComparison,InCred Asset Management - Multicap Portfolio,https://pmsbazaar.com/Strategy/Multicap_Portfolio/InCred-Asset-Management,8
AlfAccurate Advisors,https://pmsbazaar.com/AMC/AlfAccurate-Advisors/PMS,Equity,262.60,S&P BSE 500 TRI,Multi Cap & Flexi Cap,200,1M,2026-06-30,Apr 2019,"7 Yrs, 2 Months",556,NA,3.79%,4.79%,2.27%,22.37%,12.23%,10.61%,8.24%,14.77%,2026-08-12T16:02:29.128Z,https://pmsbazaar.com/Visitor/PMSComparison,AlfAccurate Advisors - AAA Shariah..,https://pmsbazaar.com/Strategy/AAA_Shariah/AlfAccurate-Advisors,8
Quest Investment Managers,https://pmsbazaar.com/AMC/Quest-Investment-Managers/PMS,Equity,744.91,S&P BSE 500 TRI,Multi Cap & Flexi Cap,202,1M,2026-06-30,Aug 2014,"11 Yrs, 10 Months",556,14.52%,3.78%,0.99%,4.11%,22.94%,17.79%,13.85%,4.60%,15.56%,2026-08-12T16:02:32.253Z,https://pmsbazaar.com/Visitor/PMSComparison,Quest Investment Managers - Multi,https://pmsbazaar.com/Strategy/Multi/Quest-Investment-Managers,9
Northern Arc Investment Managers Pvt Ltd,https://pmsbazaar.com/AMC/Northern-Arc-Investment-Managers-Pvt-Ltd/PMS,Debt,47.46,Crisil Credit Index,Debt,201,1M,2026-06-30,Jan 2026,"0 Yrs, 5 Months",556,NA,3.78%,NA,NA,7.01%,NA,NA,NA,8.30%,2026-08-12T16:02:32.253Z,https://pmsbazaar.com/Visitor/PMSComparison,Northern Arc Investment Managers Pvt Ltd - Income Builder Series C,https://pmsbazaar.com/Strategy/Income_Builder_Series_C/Northern-Arc-Investment-Managers-Pvt-Ltd,9
Bonanza Portfolio Limited,https://pmsbazaar.com/AMC/Bonanza-Portfolio-Limited/PMS,Equity,97.84,Nifty 50 TRI,Multi Cap & Flexi Cap,203,1M,2026-06-30,Aug 2015,"10 Yrs, 10 Months",556,ND,3.75%,-0.12%,-0.83%,25.60%,19.36%,21.44%,9.37%,18.91%,2026-08-12T16:02:32.254Z,https://pmsbazaar.com/Visitor/PMSComparison,Bonanza Portfolio Limited - Edge,https://pmsbazaar.com/Strategy/Edge/Bonanza-Portfolio-Limited,9
Bay Capital Investment Advisors Pvt Ltd,https://pmsbazaar.com/AMC/Bay-Capital-Investment-Advisors-Pvt-Ltd/PMS,Equity,79.75,Nifty 50 TRI,Multi Cap & Flexi Cap,204,1M,2026-06-30,Jan 2023,"3 Yrs, 5 Months",556,NA,3.75%,-9.61%,-1.47%,15.26%,6.18%,NA,-8.21%,10.74%,2026-08-12T16:02:32.254Z,https://pmsbazaar.com/Visitor/PMSComparison,Bay Capital Investment Advisors Pvt Ltd - India Opportunities Portfolio.,https://pmsbazaar.com/Strategy/India_Opportunities_Portfolio/Bay-Capital-Investment-Advisors-Pvt-Ltd,9
NJ Asset Management Pvt Ltd,https://pmsbazaar.com/AMC/NJ-Asset-Management-Pvt-Ltd/PMS,Equity,716.24,Nifty 50 TRI,Multi Cap & Flexi Cap,205,1M,2026-06-30,Apr 2016,"10 Yrs, 2 Months",556,14.30%,3.74%,-1.45%,-2.61%,15.12%,18.57%,16.24%,-0.72%,14.08%,2026-08-12T16:02:32.254Z,https://pmsbazaar.com/Visitor/PMSComparison,NJ Asset Management Pvt Ltd - Multicap,https://pmsbazaar.com/Strategy/Multicap/NJ-Asset-Management-Pvt-Ltd,9
Money Grow Asset Pvt Ltd,https://pmsbazaar.com/AMC/Money-Grow-Asset-Pvt-Ltd/PMS,Equity,109.23,Nifty 50 TRI,Multi Cap & Flexi Cap,206,1M,2026-06-30,Apr 2023,"3 Yrs, 2 Months",556,NA,3.73%,2.25%,7.65%,22.39%,15.01%,NA,0.37%,17.82%,2026-08-12T16:02:32.254Z,https://pmsbazaar.com/Visitor/PMSComparison,Money Grow Asset Pvt Ltd - Large Midcap,https://pmsbazaar.com/Strategy/Large_Midcap/Money-Grow-Asset-Pvt-Ltd,9
Quest Investment Managers,https://pmsbazaar.com/AMC/Quest-Investment-Managers/PMS,Equity,413.92,S&P BSE 500 TRI,Multi Cap & Flexi Cap,207,1M,2026-06-30,Oct 2007,"18 Yrs, 8 Months",556,11.28%,3.70%,-9.66%,-1.60%,22.68%,11.20%,8.58%,-1.66%,15.15%,2026-08-12T16:02:32.254Z,https://pmsbazaar.com/Visitor/PMSComparison,Quest Investment Managers - Flagship,https://pmsbazaar.com/Strategy/Flagship/Quest-Investment-Managers,9
HSBC Asset Management India Pvt Ltd,https://pmsbazaar.com/AMC/HSBC-Asset-Management-India-Pvt-Ltd/PMS,Equity,438.96,S&P BSE 500 TRI,Thematic,208,1M,2026-06-30,Feb 2021,"5 Yrs, 4 Months",556,NA,3.70%,2.00%,3.51%,17.18%,12.10%,12.22%,1.58%,13.43%,2026-08-12T16:02:32.255Z,https://pmsbazaar.com/Visitor/PMSComparison,HSBC Asset Management India Pvt Ltd - India Next Portfolio.,https://pmsbazaar.com/Strategy/India_Next_Portfolio/HSBC-Asset-Management-India-Pvt-Ltd,9
Concept Investwell Pvt Ltd,https://pmsbazaar.com/AMC/Concept-Investwell-Pvt-Ltd/PMS,Equity,1.52,S&P BSE 500 TRI,Multi Cap & Flexi Cap,211,1M,2026-06-30,Apr 2024,"2 Yrs, 2 Months",556,NA,3.69%,-2.93%,1.31%,11.19%,NA,NA,-2.13%,5.05%,2026-08-12T16:02:32.255Z,https://pmsbazaar.com/Visitor/PMSComparison,Concept Investwell Pvt Ltd - Legend Flexi.,https://pmsbazaar.com/Strategy/Legend_Flexi/Concept-Investwell-Pvt-Ltd,9
Capitalmind Financial Services,https://pmsbazaar.com/AMC/Capitalmind-Financial-Services/PMS,Equity,32.51,Nifty 50 TRI,Multi Cap & Flexi Cap,209,1M,2026-06-30,Jan 2025,"1 Yrs, 5 Months",556,NA,3.69%,4.07%,NA,16.20%,NA,NA,3.29%,13.01%,2026-08-12T16:02:32.255Z,https://pmsbazaar.com/Visitor/PMSComparison,Capitalmind Financial Services - Altitude Formerly SmartCore-,https://pmsbazaar.com/Strategy/Altitude_Formerly_SmartCore/Capitalmind-Financial-Services,9
Globe Capital Market Ltd,https://pmsbazaar.com/AMC/Globe-Capital-Market-Ltd/PMS,Equity,284.63,S&P BSE 500 TRI,Multi Cap & Flexi Cap,210,1M,2026-06-30,Jan 2008,"18 Yrs, 5 Months",556,17.74%,3.69%,4.61%,1.36%,27.77%,13.57%,13.05%,-1.34%,14.38%,2026-08-12T16:02:32.255Z,https://pmsbazaar.com/Visitor/PMSComparison,Globe Capital Market Ltd - Arbitrage,https://pmsbazaar.com/Strategy/Arbitrage/Globe-Capital-Market-Ltd,9
Abakkus Asset Manager Private Limited,https://pmsbazaar.com/AMC/Abakkus-Asset-Manager-Private-Limited/PMS,Equity,1327.89,S&P BSE 500 TRI,Multi Cap & Flexi Cap,212,1M,2026-06-30,Jan 2024,"2 Yrs, 5 Months",556,NA,3.67%,8.81%,6.96%,21.42%,NA,NA,6.35%,11.21%,2026-08-12T16:02:32.255Z,https://pmsbazaar.com/Visitor/PMSComparison,Abakkus Asset Manager Private Limited - Diversified Alpha Approach..,https://pmsbazaar.com/Strategy/Diversified_Alpha_Approach/Abakkus-Asset-Manager-Private-Limited,9
Eureka Portfolio Management Services Pvt Ltd,https://pmsbazaar.com/AMC/Eureka-Portfolio-Management-Services-Pvt-Ltd/PMS,Equity,64.08,S&P BSE 500 TRI,Mid Cap,213,1M,2026-06-30,Nov 2017,"8 Yrs, 7 Months",556,NA,3.67%,3.41%,1.86%,20.74%,20.18%,15.64%,5.56%,10.04%,2026-08-12T16:02:32.255Z,https://pmsbazaar.com/Visitor/PMSComparison,Eureka Portfolio Management Services Pvt Ltd - Signature Approach-,https://pmsbazaar.com/Strategy/Eureka_Signature_Approach/Eureka-Portfolio-Management-Services-Pvt-Ltd,9
Value Prolific Investments and Consulting Pvt Ltd,https://pmsbazaar.com/AMC/Value-Prolific-Investments-and-Consulting-Pvt-Ltd/PMS,Equity,9.05,Nifty 50 TRI,Mid & Large Cap,214,1M,2026-06-30,Jul 2021,"4 Yrs, 11 Months",556,NA,3.65%,13.05%,7.57%,23.61%,16.64%,NA,9.47%,5.28%,2026-08-12T16:02:32.256Z,https://pmsbazaar.com/Visitor/PMSComparison,Value Prolific Investments and Consulting Pvt Ltd - Balanced B,https://pmsbazaar.com/Strategy/Balanced_B/Value-Prolific-Investments-and-Consulting-Pvt-Ltd,9
Counter Cyclical Investments Pvt Ltd,https://pmsbazaar.com/AMC/Counter-Cyclical-Investments-Pvt-Ltd/PMS,Equity,971.67,S&P BSE 500 TRI,Small Cap,215,1M,2026-06-30,Jul 2019,"6 Yrs, 11 Months",556,NA,3.65%,-2.88%,5.82%,32.63%,21.68%,30.95%,7.98%,44.75%,2026-08-12T16:02:32.256Z,https://pmsbazaar.com/Visitor/PMSComparison,Counter Cyclical Investments Pvt Ltd - Diversified Long Term Value,https://pmsbazaar.com/Strategy/Diversified_Long_Term_Value/Counter-Cyclical-Investments-Pvt-Ltd,9
Sundaram Alternate Assets Ltd,https://pmsbazaar.com/AMC/Sundaram-Alternate-Assets-Ltd/PMS,Equity,121.01,S&P BSE 500 TRI,Small Cap,216,1M,2026-06-30,Nov 2009,"16 Yrs, 7 Months",556,13.19%,3.65%,37.10%,19.86%,33.92%,17.88%,16.80%,31.03%,15.31%,2026-08-12T16:02:32.256Z,https://pmsbazaar.com/Visitor/PMSComparison,Sundaram Alternate Assets Ltd - Rising Stars,https://pmsbazaar.com/Strategy/Rising_Stars/Sundaram-Alternate-Assets-Ltd,9
Investvalue Capital Private Limited,https://pmsbazaar.com/AMC/Investvalue-Capital-Private-Limited/PMS,Equity,27.48,S&P BSE 500 TRI,Multi Cap & Flexi Cap,217,1M,2026-06-30,Mar 2026,"0 Yrs, 3 Months",556,NA,3.62%,NA,NA,16.06%,NA,NA,NA,13.64%,2026-08-12T16:02:32.256Z,https://pmsbazaar.com/Visitor/PMSComparison,Investvalue Capital Private Limited - India Winners Portfolio,https://pmsbazaar.com/Strategy/India_Winners_Portfolio/Investvalue-Capital-Private-Limited,9
JM Financial Limited,https://pmsbazaar.com/AMC/JM-Financial-Limited/PMS,Equity,638.11,S&P BSE 500 TRI,Multi Cap & Flexi Cap,218,1M,2026-06-30,Feb 2023,"3 Yrs, 4 Months",556,NA,3.60%,9.38%,4.77%,23.71%,17.48%,NA,9.31%,18.76%,2026-08-12T16:02:32.256Z,https://pmsbazaar.com/Visitor/PMSComparison,JM Financial Limited - Apex,https://pmsbazaar.com/Strategy/Apex/JM-Financial-Limited,9
InCred Asset Management,https://pmsbazaar.com/AMC/InCred-Asset-Management/PMS,Equity,657.18,S&P BSE 500 TRI,Thematic,219,1M,2026-06-30,Feb 2021,"5 Yrs, 4 Months",556,NA,3.57%,11.29%,24.02%,22.38%,26.96%,15.34%,1.19%,18.59%,2026-08-12T16:02:32.256Z,https://pmsbazaar.com/Visitor/PMSComparison,InCred Asset Management - Healthcare Portfolio,https://pmsbazaar.com/Strategy/Healthcare_Portfolio/InCred-Asset-Management,9
IFM Investment Advisors Private Limited,https://pmsbazaar.com/AMC/IFM-Investment-Advisors-Private-Limited/PMS,Equity,17.64,S&P BSE 500 TRI,Multi Cap & Flexi Cap,220,1M,2026-06-30,Jun 2025,"1 Yrs, 0 Months",556,NA,3.57%,-0.86%,NA,17.11%,NA,NA,1.72%,0.10%,2026-08-12T16:02:32.256Z,https://pmsbazaar.com/Visitor/PMSComparison,IFM Investment Advisors Private Limited - IFM AlphaEdge Growth Fund,https://pmsbazaar.com/Strategy/IFM_AlphaEdge_Growth_Fund/IFM-Investment-Advisors-Private-Limited,9
ICICI Prudential AMC Ltd,https://pmsbazaar.com/AMC/ICICI-Prudential-AMC-Ltd/PMS,Equity,7829.59,S&P BSE 500 TRI,Small & Mid Cap,221,1M,2026-06-30,Sep 2019,"6 Yrs, 9 Months",556,NA,3.55%,6.48%,5.13%,17.09%,19.93%,22.18%,4.49%,25.05%,2026-08-12T16:02:32.257Z,https://pmsbazaar.com/Visitor/PMSComparison,ICICI Prudential AMC Ltd - PIPE Strategy,https://pmsbazaar.com/Strategy/PIPE_Strategy/ICICI-Prudential-AMC-Ltd,9
Tulsian PMS Pvt Ltd,https://pmsbazaar.com/AMC/Tulsian-PMS-Pvt-Ltd/PMS,Equity,365,Nifty 50 TRI,Large Cap,222,1M,2026-06-30,Apr 2020,"6 Yrs, 2 Months",556,NA,3.54%,11.39%,7.54%,43.53%,24.70%,25.15%,16.12%,ND,2026-08-12T16:02:32.257Z,https://pmsbazaar.com/Visitor/PMSComparison,Tulsian PMS Pvt Ltd - Tulsian PMS,https://pmsbazaar.com/Strategy/Tulsian_PMS/Tulsian-PMS-Pvt-Ltd,9
Omniscience Capital Advisors Private Limited,https://pmsbazaar.com/AMC/Omniscience-Capital-Advisors-Private-Limited/PMS,Equity,1.80,S&P BSE 500 TRI,Thematic,223,1M,2026-06-30,Nov 2025,"0 Yrs, 7 Months",556,NA,3.51%,NA,NA,15.82%,NA,NA,0.80%,-0.42%,2026-08-12T16:02:32.257Z,https://pmsbazaar.com/Visitor/PMSComparison,Omniscience Capital Advisors Private Limited - Omni Capital Creators,https://pmsbazaar.com/Strategy/Omni_Capital_Creators/Omniscience-Capital-Advisors-Private-Limited,9
Karma Capital Advisors Pvt Ltd,https://pmsbazaar.com/AMC/Karma-Capital-Advisors-Pvt-Ltd/PMS,Equity,13.55,Nifty 50 TRI,Large Cap,225,1M,2026-06-30,Feb 2023,"3 Yrs, 4 Months",556,NA,3.50%,0.88%,3.50%,20.70%,13.10%,NA,3.30%,13.30%,2026-08-12T16:02:32.257Z,https://pmsbazaar.com/Visitor/PMSComparison,Karma Capital Advisors Pvt Ltd - Magnolia,https://pmsbazaar.com/Strategy/Magnolia/Karma-Capital-Advisors-Pvt-Ltd,9
ICICI Securities Ltd,https://pmsbazaar.com/AMC/ICICI-Securities-Ltd/PMS,Equity,252.64,Nifty 50 TRI,Multi Cap & Flexi Cap,224,1M,2026-06-30,Dec 2020,"5 Yrs, 6 Months",556,NA,3.50%,1.70%,-2.10%,15.15%,16.18%,14.01%,1.83%,14.55%,2026-08-12T16:02:32.257Z,https://pmsbazaar.com/Visitor/PMSComparison,ICICI Securities Ltd - Ace Equity Portfolio,https://pmsbazaar.com/Strategy/Ace_Equity_Portfolio/ICICI-Securities-Ltd,9
Sundaram Alternate Assets Ltd,https://pmsbazaar.com/AMC/Sundaram-Alternate-Assets-Ltd/PMS,Equity,218.29,S&P BSE 500 TRI,Multi Cap & Flexi Cap,226,1M,2026-06-30,Nov 2016,"9 Yrs, 7 Months",556,NA,3.46%,27.04%,21.17%,34.96%,24.26%,18.50%,24.03%,15.96%,2026-08-12T16:02:35.179Z,https://pmsbazaar.com/Visitor/PMSComparison,Sundaram Alternate Assets Ltd - VOYAGER,https://pmsbazaar.com/Strategy/VOYAGER/Sundaram-Alternate-Assets-Ltd,10
Centrum PMS,https://pmsbazaar.com/AMC/Centrum-PMS/PMS,Equity,29.93,S&P BSE 500 TRI,Multi Cap & Flexi Cap,227,1M,2026-06-30,Jun 2011,"15 Yrs, 0 Months",556,10.34%,3.42%,-2.23%,0.46%,13.06%,13.18%,11.06%,-5.41%,12.26%,2026-08-12T16:02:35.179Z,https://pmsbazaar.com/Visitor/PMSComparison,Centrum PMS - Flexi Cap,https://pmsbazaar.com/Strategy/Flexi_Cap/Centrum-PMS,10
JM Financial Limited,https://pmsbazaar.com/AMC/JM-Financial-Limited/PMS,Equity,9.83,S&P BSE 500 TRI,Multi Cap & Flexi Cap,228,1M,2026-06-30,May 2017,"9 Yrs, 1 Months",556,NA,3.42%,15.90%,12.90%,21.02%,25.19%,18.56%,17.31%,9.48%,2026-08-12T16:02:35.179Z,https://pmsbazaar.com/Visitor/PMSComparison,JM Financial Limited - The Opportunistic,https://pmsbazaar.com/Strategy/The_Opportunistic/JM-Financial-Limited,10
AlfAccurate Advisors,https://pmsbazaar.com/AMC/AlfAccurate-Advisors/PMS,Equity,2227.60,S&P BSE 500 TRI,Multi Cap & Flexi Cap,229,1M,2026-06-30,Nov 2009,"16 Yrs, 7 Months",556,14.20%,3.41%,-1.61%,3.02%,15.56%,13.91%,13.03%,-1.52%,17.40%,2026-08-12T16:02:35.180Z,https://pmsbazaar.com/Visitor/PMSComparison,AlfAccurate Advisors - AAA IOP,https://pmsbazaar.com/Strategy/AAA_IOP/AlfAccurate-Advisors,10
Ambit Global Private Client,https://pmsbazaar.com/AMC/Ambit-Global-Private-Client/PMS,Equity,115.64,Nifty 50 TRI,Large Cap,230,1M,2026-06-30,Feb 2021,"5 Yrs, 4 Months",556,NA,3.40%,3.92%,1.57%,14.67%,15.04%,10.87%,0.38%,14.34%,2026-08-12T16:02:35.180Z,https://pmsbazaar.com/Visitor/PMSComparison,Ambit Global Private Client - Caliber,https://pmsbazaar.com/Strategy/Caliber/Ambit-Global-Private-Client,10
SageOne Investment Managers LLP,https://pmsbazaar.com/AMC/SageOne-Investment-Managers-LLP/PMS,Equity,1221,S&P BSE 500 TRI,Small Cap,231,1M,2026-06-30,Apr 2019,"7 Yrs, 2 Months",556,NA,3.40%,2.10%,3.60%,26.20%,13.10%,12.00%,10.90%,21.50%,2026-08-12T16:02:35.180Z,https://pmsbazaar.com/Visitor/PMSComparison,SageOne Investment Managers LLP - SageOne Smallcap Portfolio,https://pmsbazaar.com/Strategy/SageOne_Smallcap_Portfolio/SageOne-Investment-Managers-LLP,10
Lakewater Advisors Pvt Ltd,https://pmsbazaar.com/AMC/Lakewater-Advisors-Pvt-Ltd/PMS,Equity,32.54,Nifty 50 TRI,Multi Cap & Flexi Cap,232,1M,2026-06-30,Jun 2019,"7 Yrs, 0 Months",556,NA,3.39%,8.97%,6.29%,27.18%,8.93%,5.37%,7.50%,10.49%,2026-08-12T16:02:35.180Z,https://pmsbazaar.com/Visitor/PMSComparison,Lakewater Advisors Pvt Ltd - India Growth,https://pmsbazaar.com/Strategy/India_Growth/Lakewater-Advisors-Pvt-Ltd,10
Fyers Asset Management Pvt Ltd,https://pmsbazaar.com/AMC/Fyers-Asset-Management-Pvt-Ltd/PMS,Equity,16.43,S&P BSE 500 TRI,Small & Mid Cap,233,1M,2026-06-30,Sep 2024,"1 Yrs, 9 Months",556,NA,3.36%,-2.95%,NA,15.39%,NA,NA,-2.51%,1.47%,2026-08-12T16:02:35.180Z,https://pmsbazaar.com/Visitor/PMSComparison,Fyers Asset Management Pvt Ltd - Genesis Fund-,https://pmsbazaar.com/Strategy/Fyers_Genesis_Fund/Fyers-Asset-Management-Pvt-Ltd,10
Unifi Capital Pvt Ltd,https://pmsbazaar.com/AMC/Unifi-Capital-Pvt-Ltd/PMS,Equity,88.24,S&P BSE 500 TRI,Mid Cap,237,1M,2026-06-30,May 2010,"16 Yrs, 1 Months",556,ND,3.30%,-1.84%,-1.66%,14.74%,7.28%,7.92%,-0.36%,13.72%,2026-08-12T16:02:35.180Z,https://pmsbazaar.com/Visitor/PMSComparison,Unifi Capital Pvt Ltd - Insider Shadow,https://pmsbazaar.com/Strategy/Insider_Shadow/Unifi-Capital-Pvt-Ltd,10
CapGrow Capital Advisors LLP,https://pmsbazaar.com/AMC/CapGrow-Capital-Advisors-LLP/PMS,Equity,44.14,S&P BSE 500 TRI,Multi Cap & Flexi Cap,236,1M,2026-06-30,Oct 2018,"7 Yrs, 8 Months",556,NA,3.30%,-9.42%,-2.20%,17.12%,4.94%,5.90%,-5.75%,9.59%,2026-08-12T16:02:35.180Z,https://pmsbazaar.com/Visitor/PMSComparison,CapGrow Capital Advisors LLP - Growth Strategy,https://pmsbazaar.com/Strategy/Growth_Strategy/CapGrow-Capital-Advisors-LLP,10
Fort Capital Investment Advisory Pvt Ltd,https://pmsbazaar.com/AMC/Fort-Capital-Investment-Advisory-Pvt-Ltd/PMS,Equity,198.13,Nifty 50 TRI,Multi Cap & Flexi Cap,234,1M,2026-06-30,Jan 2024,"2 Yrs, 5 Months",556,NA,3.30%,4.85%,9.07%,14.42%,NA,NA,-2.70%,17.17%,2026-08-12T16:02:35.180Z,https://pmsbazaar.com/Visitor/PMSComparison,Fort Capital Investment Advisory Pvt Ltd - Dynamic,https://pmsbazaar.com/Strategy/Dynamic/Fort-Capital-Investment-Advisory-Pvt-Ltd,10
Nippon Life India Asset Management Ltd,https://pmsbazaar.com/AMC/Nippon-Life-India-Asset-Management-Ltd/PMS,Equity,32.07,S&P BSE 500 TRI,Mid Cap,235,1M,2026-06-30,Apr 2017,"9 Yrs, 2 Months",556,NA,3.30%,4.90%,4.90%,19.70%,17.30%,16.00%,5.90%,15.20%,2026-08-12T16:02:35.180Z,https://pmsbazaar.com/Visitor/PMSComparison,Nippon Life India Asset Management Ltd - Emerging India,https://pmsbazaar.com/Strategy/Emerging_India/Nippon-Life-India-Asset-Management-Ltd,10
Pl Asset Management Pvt Ltd ,https://pmsbazaar.com/AMC/Pl-Asset-Management-Pvt-Ltd-/PMS,Equity,5.60,S&P BSE 500 TRI,Multi Cap & Flexi Cap,238,1M,2026-06-30,Mar 2026,"0 Yrs, 3 Months",556,NA,3.27%,NA,NA,19.26%,NA,NA,NA,19.21%,2026-08-12T16:02:35.180Z,https://pmsbazaar.com/Visitor/PMSComparison,Pl Asset Management Pvt Ltd  - Atom,https://pmsbazaar.com/Strategy/Atom/Pl-Asset-Management-Pvt-Ltd-,10
Prithvi Finmart Pvt Ltd,https://pmsbazaar.com/AMC/Prithvi-Finmart-Pvt-Ltd/PMS,Equity,186.55,S&P BSE 500 TRI,Multi Cap & Flexi Cap,239,1M,2026-06-30,Jul 2023,"2 Yrs, 11 Months",556,NA,3.22%,13.52%,7.41%,33.51%,NA,NA,22.23%,22.77%,2026-08-12T16:02:35.181Z,https://pmsbazaar.com/Visitor/PMSComparison,Prithvi Finmart Pvt Ltd - Balanced Portfolio.,https://pmsbazaar.com/Strategy/Balanced_Portfolio/Prithvi-Finmart-Pvt-Ltd,10
White Oak Capital Management Consultants LLP,https://pmsbazaar.com/AMC/White-Oak-Capital-Management-Consultants-LLP/PMS,Equity,3009.44,S&P BSE 500 TRI,Multi Cap & Flexi Cap,240,1M,2026-06-30,Sep 2018,"7 Yrs, 9 Months",556,NA,3.20%,-5.14%,1.55%,14.80%,9.87%,8.47%,-3.42%,14.54%,2026-08-12T16:02:35.181Z,https://pmsbazaar.com/Visitor/PMSComparison,White Oak Capital Management Consultants LLP - India Pioneers Equity Portfolio,https://pmsbazaar.com/Strategy/India_Pioneers_Equity_Portfolio/White-Oak-Capital-Management-Consultants-LLP,10
Equentis Wealth Advisory Services Limited,https://pmsbazaar.com/AMC/Equentis-Wealth-Advisory-Services-Limited/PMS,Equity,84.71,Nifty 50 TRI,Multi Cap & Flexi Cap,241,1M,2026-06-30,Feb 2025,"1 Yrs, 4 Months",556,NA,3.19%,-1.65%,NA,12.68%,NA,NA,-1.34%,0.11%,2026-08-12T16:02:35.181Z,https://pmsbazaar.com/Visitor/PMSComparison,Equentis Wealth Advisory Services Limited - Equentis Multi Cap Portfolio,https://pmsbazaar.com/Strategy/Equentis_Multi_Cap_Portfolio/Equentis-Wealth-Advisory-Services-Limited,10
Moat Financial Services Pvt Ltd,https://pmsbazaar.com/AMC/Moat-Financial-Services-Pvt-Ltd/PMS,Equity,18.13,S&P BSE 500 TRI,Multi Cap & Flexi Cap,242,1M,2026-06-30,Nov 2013,"12 Yrs, 7 Months",556,8.55%,3.19%,-6.91%,-3.81%,19.01%,11.68%,13.02%,1.62%,10.88%,2026-08-12T16:02:35.181Z,https://pmsbazaar.com/Visitor/PMSComparison,Moat Financial Services Pvt Ltd - Moderate Compounders,https://pmsbazaar.com/Strategy/Moderate_Compounders/Moat-Financial-Services-Pvt-Ltd,10
Axis Securities Ltd,https://pmsbazaar.com/AMC/Axis-Securities-Ltd/PMS,Equity,805.01,S&P BSE 500 TRI,Multi Cap & Flexi Cap,243,1M,2026-06-30,Jan 2021,"5 Yrs, 5 Months",556,NA,3.18%,3.21%,5.84%,17.25%,15.52%,16.84%,4.59%,17.16%,2026-08-12T16:02:35.181Z,https://pmsbazaar.com/Visitor/PMSComparison,Axis Securities Ltd - Axis Securities Pure Growth,https://pmsbazaar.com/Strategy/Axis_Securities_Pure_Growth/Axis-Securities-Ltd,10
ICICI Prudential AMC Ltd,https://pmsbazaar.com/AMC/ICICI-Prudential-AMC-Ltd/PMS,Equity,1621.59,S&P BSE 500 TRI,Multi Cap & Flexi Cap,244,1M,2026-06-30,Mar 2007,"19 Yrs, 3 Months",556,14.51%,3.17%,0.96%,2.25%,12.16%,15.90%,14.74%,-0.78%,12.02%,2026-08-12T16:02:35.181Z,https://pmsbazaar.com/Visitor/PMSComparison,ICICI Prudential AMC Ltd - Growth Leaders Strategy,https://pmsbazaar.com/Strategy/Growth_Leaders_Strategy/ICICI-Prudential-AMC-Ltd,10
Bonanza Portfolio Limited,https://pmsbazaar.com/AMC/Bonanza-Portfolio-Limited/PMS,Equity,8.16,Nifty 50 TRI,Multi Cap & Flexi Cap,245,1M,2026-06-30,Jul 2018,"7 Yrs, 11 Months",556,NA,3.15%,-0.41%,0.63%,23.99%,19.52%,16.79%,7.30%,20.33%,2026-08-12T16:02:35.181Z,https://pmsbazaar.com/Visitor/PMSComparison,Bonanza Portfolio Limited - Multicap.,https://pmsbazaar.com/Strategy/Multicap/Bonanza-Portfolio-Limited,10
Omniscience Capital Advisors Private Limited,https://pmsbazaar.com/AMC/Omniscience-Capital-Advisors-Private-Limited/PMS,Hybrid,0.05,Nifty 50 Hybrid Composite Debt 50:50 index,Hybrid,246,1M,2026-06-30,Nov 2025,"0 Yrs, 7 Months",556,NA,3.15%,NA,NA,14.41%,NA,NA,2.12%,0.26%,2026-08-12T16:02:35.182Z,https://pmsbazaar.com/Visitor/PMSComparison,Omniscience Capital Advisors Private Limited - Omni Dynamic Allocator,https://pmsbazaar.com/Strategy/Omni_Dynamic_Allocator/Omniscience-Capital-Advisors-Private-Limited,10
InCred Asset Management,https://pmsbazaar.com/AMC/InCred-Asset-Management/PMS,Equity,15.20,S&P BSE 500 TRI,Mid & Large Cap,247,1M,2026-06-30,Feb 2025,"1 Yrs, 4 Months",556,NA,3.10%,-5.30%,NA,12.70%,NA,NA,-1.50%,-0.20%,2026-08-12T16:02:35.182Z,https://pmsbazaar.com/Visitor/PMSComparison,InCred Asset Management - Active Momentum Strategy-,https://pmsbazaar.com/Strategy/Incred_Active_Momentum_Strategy/InCred-Asset-Management,10
Narnolia Financial Services Ltd,https://pmsbazaar.com/AMC/Narnolia-Financial-Services-Ltd/PMS,Multiasset,3.36,Nifty 50 TRI,Multi Asset,248,1M,2026-06-30,Aug 2019,"6 Yrs, 10 Months",556,NA,3.10%,3.90%,5.32%,8.77%,13.06%,12.26%,2.15%,15.51%,2026-08-12T16:02:35.182Z,https://pmsbazaar.com/Visitor/PMSComparison,Narnolia Financial Services Ltd - Multi Asset Strategy,https://pmsbazaar.com/Strategy/Multi_Asset_Strategy/Narnolia-Financial-Services-Ltd,10
Ckredence Wealth Management Pvt Ltd,https://pmsbazaar.com/AMC/Ckredence-Wealth-Management-Pvt-Ltd/PMS,Equity,184.64,Nifty 50 TRI,Multi Cap & Flexi Cap,249,1M,2026-06-30,Nov 2023,"2 Yrs, 7 Months",556,NA,3.08%,9.31%,11.67%,25.19%,NA,NA,9.20%,17.04%,2026-08-12T16:02:35.182Z,https://pmsbazaar.com/Visitor/PMSComparison,Ckredence Wealth Management Pvt Ltd - Business Cycle Fund..,https://pmsbazaar.com/Strategy/Business_Cycle_Fund/Ckredence-Wealth-Management-Pvt-Ltd,10
Wave Asset Private Limited,https://pmsbazaar.com/AMC/Wave-Asset-Private-Limited/PMS,Equity,24.11,S&P BSE 500 TRI,Multi Cap & Flexi Cap,250,1M,2026-06-30,Mar 2024,"2 Yrs, 3 Months",556,NA,3.08%,14.35%,15.17%,20.40%,NA,NA,9.62%,14.59%,2026-08-12T16:02:35.182Z,https://pmsbazaar.com/Visitor/PMSComparison,Wave Asset Private Limited - Pure Alpha-,https://pmsbazaar.com/Strategy/Pure_Alpha/Wave-Asset-Private-Limited,10
Maxiom Asset Management Pvt Ltd,https://pmsbazaar.com/AMC/Maxiom-Asset-Management-Pvt-Ltd/PMS,Equity,66.32,Nifty 50 TRI,Mid & Large Cap,251,1M,2026-06-30,Jun 2023,"3 Yrs, 0 Months",556,NA,3.07%,0.47%,0.27%,17.78%,7.12%,NA,1.00%,7.15%,2026-08-12T16:02:38.257Z,https://pmsbazaar.com/Visitor/PMSComparison,Maxiom Asset Management Pvt Ltd - JEWEL,https://pmsbazaar.com/Strategy/Maxiom_PMS_-_JEWEL/Maxiom-Asset-Management-Pvt-Ltd,11
Dolat Capital Market Pvt Ltd,https://pmsbazaar.com/AMC/Dolat-Capital-Market-Pvt-Ltd/PMS,Equity,20.22,S&P BSE 500 TRI,Multi Cap & Flexi Cap,252,1M,2026-06-30,Jan 2026,"0 Yrs, 5 Months",556,NA,3.06%,NA,NA,16.79%,NA,NA,NA,7.83%,2026-08-12T16:02:38.257Z,https://pmsbazaar.com/Visitor/PMSComparison,Dolat Capital Market Pvt Ltd - Dolat Quantum Leap,https://pmsbazaar.com/Strategy/Dolat_Quantum_Leap/Dolat-Capital-Market-Pvt-Ltd,11
Valtrust Partners LLP,https://pmsbazaar.com/AMC/Valtrust-Partners-LLP/PMS,Equity,79.43,S&P BSE 500 TRI,Multi Cap & Flexi Cap,253,1M,2026-06-30,Jan 2023,"3 Yrs, 5 Months",556,NA,3.03%,4.30%,-2.86%,22.12%,19.86%,NA,5.52%,22.71%,2026-08-12T16:02:38.257Z,https://pmsbazaar.com/Visitor/PMSComparison,Valtrust Partners LLP - Valtrust Momentum..,https://pmsbazaar.com/Strategy/Valtrust_Momentum/Valtrust-Partners-LLP,11
Chanakya Capital Services Pvt Ltd,https://pmsbazaar.com/AMC/Chanakya-Capital-Services-Pvt-Ltd/PMS,Equity,337.25,Nifty 50 TRI,Multi Cap & Flexi Cap,254,1M,2026-06-30,Aug 2018,"7 Yrs, 10 Months",556,NA,3.02%,7.06%,9.16%,17.79%,18.22%,18.56%,3.00%,15.82%,2026-08-12T16:02:38.257Z,https://pmsbazaar.com/Visitor/PMSComparison,Chanakya Capital Services Pvt Ltd - Growth Plan,https://pmsbazaar.com/Strategy/Growth_Plan/Chanakya-Capital-Services-Pvt-Ltd,11
Omniscience Capital Advisors Private Limited,https://pmsbazaar.com/AMC/Omniscience-Capital-Advisors-Private-Limited/PMS,Equity,0.03,S&P BSE 500 TRI,Multi Cap & Flexi Cap,255,1M,2026-06-30,Nov 2025,"0 Yrs, 7 Months",556,NA,3.01%,NA,NA,13.78%,NA,NA,4.25%,2.61%,2026-08-12T16:02:38.258Z,https://pmsbazaar.com/Visitor/PMSComparison,Omniscience Capital Advisors Private Limited - Omni India Inc,https://pmsbazaar.com/Strategy/Omni_India_Inc/Omniscience-Capital-Advisors-Private-Limited,11
Alchemy Capital Management,https://pmsbazaar.com/AMC/Alchemy-Capital-Management/PMS,Equity,246.51,S&P BSE 500 TRI,Multi Cap & Flexi Cap,256,1M,2026-06-30,Sep 2019,"6 Yrs, 9 Months",556,NA,2.98%,1.24%,-9.11%,16.67%,10.09%,8.75%,6.12%,13.41%,2026-08-12T16:02:38.258Z,https://pmsbazaar.com/Visitor/PMSComparison,Alchemy Capital Management - Ascent,https://pmsbazaar.com/Strategy/Ascent/Alchemy-Capital-Management,11
Narnolia Financial Services Ltd,https://pmsbazaar.com/AMC/Narnolia-Financial-Services-Ltd/PMS,Equity,75.69,S&P BSE 500 TRI,Small & Mid Cap,257,1M,2026-06-30,May 2015,"11 Yrs, 1 Months",556,16.95%,2.97%,-3.34%,4.08%,12.01%,14.78%,13.07%,-0.06%,17.77%,2026-08-12T16:02:38.258Z,https://pmsbazaar.com/Visitor/PMSComparison,Narnolia Financial Services Ltd - Mid and Small Cap,https://pmsbazaar.com/Strategy/Mid_and_Small_Cap/Narnolia-Financial-Services-Ltd,11
Anand Rathi Advisors Ltd,https://pmsbazaar.com/AMC/Anand-Rathi-Advisors-Ltd/PMS,Equity,10.12,S&P BSE 500 TRI,Multi Cap & Flexi Cap,258,1M,2026-06-30,Mar 2023,"3 Yrs, 3 Months",556,NA,2.94%,1.01%,2.36%,16.52%,15.18%,NA,1.42%,17.88%,2026-08-12T16:02:38.258Z,https://pmsbazaar.com/Visitor/PMSComparison,Anand Rathi Advisors Ltd - Alpha 1.,https://pmsbazaar.com/Strategy/Alpha_1/Anand-Rathi-Advisors-Ltd,11
Ksema Wealth Pvt Ltd,https://pmsbazaar.com/AMC/Ksema-Wealth-Pvt-Ltd/PMS,Equity,83.87,Nifty 50 TRI,Multi Cap & Flexi Cap,259,1M,2026-06-30,Jan 2019,"7 Yrs, 5 Months",556,NA,2.94%,0.02%,1.24%,13.97%,14.20%,15.03%,0.82%,17.59%,2026-08-12T16:02:38.259Z,https://pmsbazaar.com/Visitor/PMSComparison,Ksema Wealth Pvt Ltd - Multicap,https://pmsbazaar.com/Strategy/Multicap/Ksema-Wealth-Pvt-Ltd,11
Motilal Oswal Asset Management Company Ltd,https://pmsbazaar.com/AMC/Motilal-Oswal-Asset-Management-Company-Ltd/PMS,Equity,4490.15,S&P BSE 500 TRI,Multi Cap & Flexi Cap,260,1M,2026-06-30,Aug 2007,"18 Yrs, 10 Months",556,11.41%,2.92%,-1.64%,1.36%,17.39%,14.14%,9.04%,1.79%,14.08%,2026-08-12T16:02:38.259Z,https://pmsbazaar.com/Visitor/PMSComparison,Motilal Oswal Asset Management Company Ltd - NTDOP,https://pmsbazaar.com/Strategy/NTDOP/Motilal-Oswal-Asset-Management-Company-Ltd,11
Omniscience Capital Advisors Private Limited,https://pmsbazaar.com/AMC/Omniscience-Capital-Advisors-Private-Limited/PMS,Equity,0.03,S&P BSE 500 TRI,Mid & Large Cap,261,1M,2026-06-30,Nov 2025,"0 Yrs, 7 Months",556,NA,2.91%,NA,NA,17.75%,NA,NA,4.85%,4.34%,2026-08-12T16:02:38.260Z,https://pmsbazaar.com/Visitor/PMSComparison,Omniscience Capital Advisors Private Limited - Omni Captains,https://pmsbazaar.com/Strategy/Omni_Captains/Omniscience-Capital-Advisors-Private-Limited,11
Sincere Syndication And Corporate Services LLP,https://pmsbazaar.com/AMC/Sincere-Syndication-And-Corporate-Services-LLP/PMS,Equity,335.33,S&P BSE 500 TRI,Multi Cap & Flexi Cap,262,1M,2026-06-30,May 2023,"3 Yrs, 1 Months",556,NA,2.90%,-0.24%,-2.67%,20.83%,10.54%,NA,-0.12%,10.46%,2026-08-12T16:02:38.261Z,https://pmsbazaar.com/Visitor/PMSComparison,Sincere Syndication And Corporate Services LLP - Metamorphosis Fund-,https://pmsbazaar.com/Strategy/Metamorphosis_Fund/Sincere-Syndication-And-Corporate-Services-LLP,11
New Berry Capitals Private Limited,https://pmsbazaar.com/AMC/New-Berry-Capitals-Private-Limited/PMS,Equity,8.92,MSEI SX 40 TRI,Multi Cap & Flexi Cap,264,1M,2026-06-30,Jun 2017,"9 Yrs, 0 Months",556,NA,2.89%,8.24%,9.18%,20.08%,20.25%,27.34%,5.50%,6.94%,2026-08-12T16:02:38.261Z,https://pmsbazaar.com/Visitor/PMSComparison,New Berry Capitals Private Limited - Seeking Alpha,https://pmsbazaar.com/Strategy/Seeking_Alpha/New-Berry-Capitals-Private-Limited,11
Kotak Mahindra Asset Management Company Ltd,https://pmsbazaar.com/AMC/Kotak-Mahindra-Asset-Management-Company-Ltd/PMS,Equity,840.85,Nifty 50 TRI,Multi Cap & Flexi Cap,263,1M,2026-06-30,Jul 2012,"13 Yrs, 11 Months",556,11.89%,2.89%,4.60%,5.77%,11.56%,17.13%,15.01%,0.84%,15.03%,2026-08-12T16:02:38.261Z,https://pmsbazaar.com/Visitor/PMSComparison,Kotak Mahindra Asset Management Company Ltd - India Focus Portfolio - Series I,https://pmsbazaar.com/Strategy/India_Focus_Portfolio_-_Series_I/Kotak-Mahindra-Asset-Management-Company-Ltd,11
Trivantage Capital Management India Pvt Ltd,https://pmsbazaar.com/AMC/Trivantage-Capital-Management-India-Pvt-Ltd/PMS,Equity,31.31,Nifty 50 TRI,Small & Mid Cap,266,1M,2026-06-30,Apr 2025,"1 Yrs, 2 Months",556,NA,2.88%,3.77%,NA,24.30%,NA,NA,12.13%,12.85%,2026-08-12T16:02:38.262Z,https://pmsbazaar.com/Visitor/PMSComparison,Trivantage Capital Management India Pvt Ltd - Emerging Leaders-,https://pmsbazaar.com/Strategy/Emerging_Leaders/Trivantage-Capital-Management-India-Pvt-Ltd,11
Ksema Wealth Pvt Ltd,https://pmsbazaar.com/AMC/Ksema-Wealth-Pvt-Ltd/PMS,Equity,15.60,Nifty 50 TRI,Large Cap,265,1M,2026-06-30,Jan 2019,"7 Yrs, 5 Months",556,NA,2.88%,-1.58%,1.23%,12.54%,13.32%,13.63%,-2.19%,15.18%,2026-08-12T16:02:38.262Z,https://pmsbazaar.com/Visitor/PMSComparison,Ksema Wealth Pvt Ltd - Alpha,https://pmsbazaar.com/Strategy/Alpha/Ksema-Wealth-Pvt-Ltd,11
Fractal Capital Investments LLP,https://pmsbazaar.com/AMC/Fractal-Capital-Investments-LLP/PMS,Equity,45.95,S&P BSE 500 TRI,Multi Cap & Flexi Cap,267,1M,2026-06-30,Mar 2021,"5 Yrs, 3 Months",556,NA,2.88%,-8.14%,1.84%,16.99%,12.83%,14.86%,-3.56%,15.65%,2026-08-12T16:02:38.262Z,https://pmsbazaar.com/Visitor/PMSComparison,Fractal Capital Investments LLP - Wealth Builder,https://pmsbazaar.com/Strategy/Wealth_Builder/Fractal-Capital-Investments-LLP,11
Joindre Capital Services Ltd,https://pmsbazaar.com/AMC/Joindre-Capital-Services-Ltd/PMS,Equity,55.16,S&P BSE 500 TRI,Multi Cap & Flexi Cap,268,1M,2026-06-30,Nov 2018,"7 Yrs, 7 Months",556,NA,2.82%,-9.51%,-2.77%,14.28%,7.94%,5.40%,-5.45%,10.87%,2026-08-12T16:02:38.262Z,https://pmsbazaar.com/Visitor/PMSComparison,Joindre Capital Services Ltd - Value Fund,https://pmsbazaar.com/Strategy/Value_Fund/Joindre-Capital-Services-Ltd,11
Fort Capital Investment Advisory Pvt Ltd,https://pmsbazaar.com/AMC/Fort-Capital-Investment-Advisory-Pvt-Ltd/PMS,Equity,12.05,S&P BSE 500 TRI,Small Cap,269,1M,2026-06-30,Sep 2018,"7 Yrs, 9 Months",556,NA,2.82%,7.98%,6.33%,23.74%,11.52%,16.71%,12.95%,14.90%,2026-08-12T16:02:38.263Z,https://pmsbazaar.com/Visitor/PMSComparison,Fort Capital Investment Advisory Pvt Ltd - Value Fund,https://pmsbazaar.com/Strategy/Value_Fund/Fort-Capital-Investment-Advisory-Pvt-Ltd,11
Right Horizons,https://pmsbazaar.com/AMC/Right-Horizons/PMS,Equity,345.12,S&P BSE 500 TRI,Multi Cap & Flexi Cap,271,1M,2026-06-30,Nov 2012,"13 Yrs, 7 Months",556,12.17%,2.81%,-4.65%,-3.15%,20.88%,8.04%,10.54%,-1.16%,10.65%,2026-08-12T16:02:38.263Z,https://pmsbazaar.com/Visitor/PMSComparison,Right Horizons - Flexi Cap,https://pmsbazaar.com/Strategy/Flexi_Cap/Right-Horizons,11
PGIM India,https://pmsbazaar.com/AMC/PGIM-India/PMS,Equity,88.69,Nifty 50 TRI,Thematic,270,1M,2026-06-30,Jan 2023,"3 Yrs, 5 Months",556,NA,2.81%,-10.53%,-4.03%,22.78%,6.97%,NA,-4.06%,9.53%,2026-08-12T16:02:38.263Z,https://pmsbazaar.com/Visitor/PMSComparison,PGIM India - Equity Portfolio.,https://pmsbazaar.com/Strategy/Equity_Portfolio/PGIM-India,11
White Oak Capital Management Consultants LLP,https://pmsbazaar.com/AMC/White-Oak-Capital-Management-Consultants-LLP/PMS,Equity,11.88,S&P BSE 500 TRI,Multi Cap & Flexi Cap,272,1M,2026-06-30,Sep 2018,"7 Yrs, 9 Months",556,NA,2.80%,-10.10%,3.37%,19.05%,10.13%,9.11%,-1.76%,11.13%,2026-08-12T16:02:38.263Z,https://pmsbazaar.com/Visitor/PMSComparison,White Oak Capital Management Consultants LLP - India Select Equity,https://pmsbazaar.com/Strategy/India_Select_Equity/White-Oak-Capital-Management-Consultants-LLP,11
360 ONE Asset Management,https://pmsbazaar.com/AMC/360-ONE-Asset-Management/PMS,Equity,1754.40,S&P BSE 500 TRI,Multi Cap & Flexi Cap,273,1M,2026-06-30,Jan 2021,"5 Yrs, 5 Months",556,NA,2.79%,0.34%,2.32%,14.76%,15.72%,16.20%,-1.89%,17.56%,2026-08-12T16:02:38.263Z,https://pmsbazaar.com/Visitor/PMSComparison,360 ONE Asset Management - Phoenix PMS,https://pmsbazaar.com/Strategy/Phoenix_PMS/360-ONE-Asset-Management,11
Moneylife Advisory Services Pvt Ltd,https://pmsbazaar.com/AMC/Moneylife-Advisory-Services-Pvt-Ltd/PMS,Equity,146.37,Nifty 50 TRI,Multi Cap & Flexi Cap,274,1M,2026-06-30,Dec 2019,"6 Yrs, 6 Months",556,NA,2.78%,1.33%,0.46%,20.90%,17.07%,13.88%,6.04%,21.94%,2026-08-12T16:02:38.263Z,https://pmsbazaar.com/Visitor/PMSComparison,Moneylife Advisory Services Pvt Ltd - MAS Growth,https://pmsbazaar.com/Strategy/MAS_Growth/Moneylife-Advisory-Services-Pvt-Ltd,11
Samvitti Capital Pvt Ltd,https://pmsbazaar.com/AMC/Samvitti-Capital-Pvt-Ltd/PMS,Equity,243.76,S&P BSE 500 TRI,Mid & Large Cap,275,1M,2026-06-30,Nov 2015,"10 Yrs, 7 Months",556,15.69%,2.77%,14.68%,10.00%,25.89%,16.22%,15.82%,15.91%,16.00%,2026-08-12T16:02:38.264Z,https://pmsbazaar.com/Visitor/PMSComparison,Samvitti Capital Pvt Ltd - PMS Long Term Growth.,https://pmsbazaar.com/Strategy/PMS_Long_Term_Growth/Samvitti-Capital-Pvt-Ltd,11
Anand Rathi Advisors Ltd,https://pmsbazaar.com/AMC/Anand-Rathi-Advisors-Ltd/PMS,Equity,139.67,S&P BSE 500 TRI,Thematic,277,1M,2026-06-30,Mar 2018,"8 Yrs, 3 Months",556,NA,2.76%,-2.19%,-1.94%,20.81%,9.36%,9.82%,7.16%,11.52%,2026-08-12T16:02:58.658Z,https://pmsbazaar.com/Visitor/PMSComparison,Anand Rathi Advisors Ltd - MNC PMS,https://pmsbazaar.com/Strategy/MNC_PMS/Anand-Rathi-Advisors-Ltd,12
Omniscience Capital Advisors Private Limited,https://pmsbazaar.com/AMC/Omniscience-Capital-Advisors-Private-Limited/PMS,Equity,0.57,S&P BSE 500 TRI,Thematic,278,1M,2026-06-30,Nov 2025,"0 Yrs, 7 Months",556,NA,2.76%,NA,NA,25.00%,NA,NA,-2.08%,-7.26%,2026-08-12T16:02:58.658Z,https://pmsbazaar.com/Visitor/PMSComparison,Omniscience Capital Advisors Private Limited - Omni Industry Inc,https://pmsbazaar.com/Strategy/Omni_Industry_Inc/Omniscience-Capital-Advisors-Private-Limited,12
Dezerv Investments Private Limited,https://pmsbazaar.com/AMC/Dezerv-Investments-Private-Limited/PMS,Equity,6973.16,S&P BSE 500 TRI,Multi Cap & Flexi Cap,276,1M,2026-06-30,Jun 2022,"4 Yrs, 0 Months",556,NA,2.76%,-0.66%,2.83%,12.30%,14.60%,NA,-2.90%,16.60%,2026-08-12T16:02:58.659Z,https://pmsbazaar.com/Visitor/PMSComparison,Dezerv Investments Private Limited - Equity Revival Strategy,https://pmsbazaar.com/Strategy/Equity_Revival_Strategy_/Dezerv-Investments-Private-Limited,12
Capitalmind Financial Services,https://pmsbazaar.com/AMC/Capitalmind-Financial-Services/PMS,Equity,671.22,Nifty 50 TRI,Multi Cap & Flexi Cap,279,1M,2026-06-30,Nov 2017,"8 Yrs, 7 Months",556,NA,2.75%,-5.50%,0.78%,16.11%,19.48%,17.32%,1.46%,11.39%,2026-08-12T16:02:58.659Z,https://pmsbazaar.com/Visitor/PMSComparison,Capitalmind Financial Services - Surge India,https://pmsbazaar.com/Strategy/Surge_India/Capitalmind-Financial-Services,12
PrimeInvestor Financial Research Private Limited,https://pmsbazaar.com/AMC/PrimeInvestor-Financial-Research-Private-Limited/PMS,Equity,43.35,Nifty 50 TRI,Multi Cap & Flexi Cap,281,1M,2026-06-30,Dec 2025,"0 Yrs, 6 Months",556,NA,2.72%,NA,NA,13.67%,NA,NA,1.01%,1.01%,2026-08-12T16:02:58.659Z,https://pmsbazaar.com/Visitor/PMSComparison,PrimeInvestor Financial Research Private Limited - Prime Velocity,https://pmsbazaar.com/Strategy/Prime_Velocity/PrimeInvestor-Financial-Research-Private-Limited,12
Maximal Capital,https://pmsbazaar.com/AMC/Maximal-Capital/PMS,Debt,48.01,Nifty Medium to Long Duration Debt Index,Debt,280,1M,2026-06-30,Jun 2022,"4 Yrs, 0 Months",556,NA,2.72%,21.32%,18.64%,7.30%,21.98%,NA,7.44%,19.65%,2026-08-12T16:02:58.659Z,https://pmsbazaar.com/Visitor/PMSComparison,Maximal Capital - Income Fund.,https://pmsbazaar.com/Strategy/Income_Fund/Maximal-Capital,12
Alchemy Capital Management,https://pmsbazaar.com/AMC/Alchemy-Capital-Management/PMS,Equity,4874.80,S&P BSE 500 TRI,Multi Cap & Flexi Cap,284,1M,2026-06-30,Dec 2008,"17 Yrs, 6 Months",556,15.86%,2.71%,5.30%,7.95%,22.84%,19.14%,16.85%,6.34%,19.59%,2026-08-12T16:02:58.660Z,https://pmsbazaar.com/Visitor/PMSComparison,Alchemy Capital Management - Select Stock,https://pmsbazaar.com/Strategy/Select_Stock/Alchemy-Capital-Management,12
Narnolia Financial Services Ltd,https://pmsbazaar.com/AMC/Narnolia-Financial-Services-Ltd/PMS,Equity,192.99,Nifty 50 TRI,Multi Cap & Flexi Cap,282,1M,2026-06-30,Mar 2012,"14 Yrs, 3 Months",556,10.24%,2.71%,-1.27%,-0.45%,10.60%,7.60%,8.52%,-4.62%,14.50%,2026-08-12T16:02:58.660Z,https://pmsbazaar.com/Visitor/PMSComparison,Narnolia Financial Services Ltd - Multicap Strategy,https://pmsbazaar.com/Strategy/Multicap_Strategy/Narnolia-Financial-Services-Ltd,12
Turtle Wealth Management Pvt Ltd,https://pmsbazaar.com/AMC/Turtle-Wealth-Management-Pvt-Ltd/PMS,Equity,72.53,S&P BSE 500 TRI,Multi Cap & Flexi Cap,283,1M,2026-06-30,Aug 2021,"4 Yrs, 10 Months",556,NA,2.71%,20.29%,6.28%,16.58%,24.27%,NA,7.92%,21.21%,2026-08-12T16:02:58.661Z,https://pmsbazaar.com/Visitor/PMSComparison,Turtle Wealth Management Pvt Ltd - Profit Mantra,https://pmsbazaar.com/Strategy/Profit_Mantra/Turtle-Wealth-Management-Pvt-Ltd,12
White Oak Capital Management Consultants LLP,https://pmsbazaar.com/AMC/White-Oak-Capital-Management-Consultants-LLP/PMS,Equity,60.68,S&P BSE 500 TRI,Thematic,285,1M,2026-06-30,Jan 2022,"4 Yrs, 5 Months",556,NA,2.69%,-9.91%,1.66%,18.70%,9.01%,NA,-6.52%,2.54%,2026-08-12T16:02:58.662Z,https://pmsbazaar.com/Visitor/PMSComparison,White Oak Capital Management Consultants LLP - Digital Leaders.,https://pmsbazaar.com/Strategy/Digital_Leaders/White-Oak-Capital-Management-Consultants-LLP,12
Anand Rathi Advisors Ltd,https://pmsbazaar.com/AMC/Anand-Rathi-Advisors-Ltd/PMS,Equity,1.38,S&P BSE 500 TRI,Multi Cap & Flexi Cap,286,1M,2026-06-30,Nov 2023,"2 Yrs, 7 Months",556,NA,2.69%,2.05%,3.33%,15.61%,NA,NA,0.89%,13.38%,2026-08-12T16:02:58.663Z,https://pmsbazaar.com/Visitor/PMSComparison,Anand Rathi Advisors Ltd - Flexicap Strategy.,https://pmsbazaar.com/Strategy/Flexicap_Strategy/Anand-Rathi-Advisors-Ltd,12
IFM Investment Advisors Private Limited,https://pmsbazaar.com/AMC/IFM-Investment-Advisors-Private-Limited/PMS,Equity,115.32,Nifty 50 TRI,Large Cap,287,1M,2026-06-30,Jun 2025,"1 Yrs, 0 Months",556,NA,2.69%,-6.49%,NA,8.79%,NA,NA,-8.34%,-5.13%,2026-08-12T16:02:58.664Z,https://pmsbazaar.com/Visitor/PMSComparison,IFM Investment Advisors Private Limited - IFM Largecap Fund,https://pmsbazaar.com/Strategy/IFM_Largecap_Fund/IFM-Investment-Advisors-Private-Limited,12
Trivantage Capital Management India Pvt Ltd,https://pmsbazaar.com/AMC/Trivantage-Capital-Management-India-Pvt-Ltd/PMS,Equity,131.63,Nifty 50 TRI,Multi Cap & Flexi Cap,288,1M,2026-06-30,May 2020,"6 Yrs, 1 Months",556,NA,2.67%,2.75%,4.50%,16.01%,14.98%,13.47%,4.54%,18.42%,2026-08-12T16:02:58.664Z,https://pmsbazaar.com/Visitor/PMSComparison,Trivantage Capital Management India Pvt Ltd - Edge Portfolio.,https://pmsbazaar.com/Strategy/Edge_Portfolio/Trivantage-Capital-Management-India-Pvt-Ltd,12
HDFC Asset Management Company Ltd,https://pmsbazaar.com/AMC/HDFC-Asset-Management-Company-Ltd/PMS,Equity,51.36,S&P BSE 500 TRI,Multi Cap & Flexi Cap,289,1M,2026-06-30,Jul 2022,"3 Yrs, 11 Months",556,NA,2.66%,-4.06%,0.66%,12.67%,11.04%,NA,-4.64%,13.37%,2026-08-12T16:02:58.664Z,https://pmsbazaar.com/Visitor/PMSComparison,HDFC Asset Management Company Ltd - All Cap Portfolio.,https://pmsbazaar.com/Strategy/All_Cap_Portfolio/HDFC-Asset-Management-Company-Ltd,12
Narnolia Financial Services Ltd,https://pmsbazaar.com/AMC/Narnolia-Financial-Services-Ltd/PMS,Equity,116.22,Nifty 50 TRI,Large Cap,291,1M,2026-06-30,Mar 2012,"14 Yrs, 3 Months",556,13.16%,2.64%,-2.21%,4.46%,9.71%,11.87%,10.67%,-5.46%,15.37%,2026-08-12T16:02:58.664Z,https://pmsbazaar.com/Visitor/PMSComparison,Narnolia Financial Services Ltd - Large Cap,https://pmsbazaar.com/Strategy/Large_Cap/Narnolia-Financial-Services-Ltd,12
Green Portfolio Pvt Ltd,https://pmsbazaar.com/AMC/Green-Portfolio-Pvt-Ltd/PMS,Equity,31.18,S&P BSE 500 TRI,Thematic,290,1M,2026-06-30,Sep 2019,"6 Yrs, 9 Months",556,NA,2.64%,15.73%,13.90%,24.10%,28.00%,25.11%,11.45%,29.74%,2026-08-12T16:02:58.665Z,https://pmsbazaar.com/Visitor/PMSComparison,Green Portfolio Pvt Ltd - Dividend Yield Fund,https://pmsbazaar.com/Strategy/Dividend_Yield_Fund_/Green-Portfolio-Pvt-Ltd,12
Right Horizons,https://pmsbazaar.com/AMC/Right-Horizons/PMS,Equity,3.09,S&P BSE 500 TRI,Mid Cap,292,1M,2026-06-30,Mar 2023,"3 Yrs, 3 Months",556,NA,2.63%,0.32%,4.35%,17.63%,15.76%,NA,2.76%,19.28%,2026-08-12T16:02:58.665Z,https://pmsbazaar.com/Visitor/PMSComparison,Right Horizons - Alphabots Midcap 29-,https://pmsbazaar.com/Strategy/Alphabots_Midcap_29/Right-Horizons,12
Sanctum Wealth Pvt Ltd,https://pmsbazaar.com/AMC/Sanctum-Wealth-Pvt-Ltd/PMS,Equity,63.93,Nifty 50 TRI,Large Cap,293,1M,2026-06-30,Sep 2016,"9 Yrs, 9 Months",556,NA,2.61%,-0.26%,3.62%,12.93%,8.75%,8.69%,-1.89%,10.74%,2026-08-12T16:02:58.665Z,https://pmsbazaar.com/Visitor/PMSComparison,Sanctum Wealth Pvt Ltd - Indian Olympians,https://pmsbazaar.com/Strategy/Indian_Olympians/Sanctum-Wealth-Pvt-Ltd,12
360 ONE Asset Management,https://pmsbazaar.com/AMC/360-ONE-Asset-Management/PMS,Equity,3069.55,S&P BSE 500 TRI,Multi Cap & Flexi Cap,294,1M,2026-06-30,Nov 2013,"12 Yrs, 7 Months",556,11.91%,2.60%,-3.80%,-0.51%,16.50%,9.97%,10.02%,-1.61%,19.46%,2026-08-12T16:02:58.666Z,https://pmsbazaar.com/Visitor/PMSComparison,360 ONE Asset Management - Multicap PMS,https://pmsbazaar.com/Strategy/Multicap_PMS/360-ONE-Asset-Management,12
Ayan Analytics Pvt Ltd,https://pmsbazaar.com/AMC/Ayan-Analytics-Pvt-Ltd/PMS,Equity,33.36,S&P BSE 500 TRI,Small & Mid Cap,295,1M,2026-06-30,Dec 2023,"2 Yrs, 6 Months",556,NA,2.59%,-9.59%,0.03%,14.83%,NA,NA,-2.54%,7.81%,2026-08-12T16:02:58.666Z,https://pmsbazaar.com/Visitor/PMSComparison,Ayan Analytics Pvt Ltd - PriceBridge Eternal-Long Life,https://pmsbazaar.com/Strategy/PriceBridge_Eternal-Long_Life/Ayan-Analytics-Pvt-Ltd,12
Moat Financial Services Pvt Ltd,https://pmsbazaar.com/AMC/Moat-Financial-Services-Pvt-Ltd/PMS,Equity,11.55,S&P BSE 500 TRI,Multi Cap & Flexi Cap,296,1M,2026-06-30,Nov 2020,"5 Yrs, 7 Months",556,NA,2.58%,-6.27%,-2.85%,18.01%,9.62%,9.99%,1.27%,14.07%,2026-08-12T16:02:58.666Z,https://pmsbazaar.com/Visitor/PMSComparison,Moat Financial Services Pvt Ltd - Special Opportunities Fund,https://pmsbazaar.com/Strategy/Special_Opportunities_Fund/Moat-Financial-Services-Pvt-Ltd,12
Globe Capital Market Ltd,https://pmsbazaar.com/AMC/Globe-Capital-Market-Ltd/PMS,Equity,1209.54,S&P BSE 500 TRI,Multi Cap & Flexi Cap,297,1M,2026-06-30,Oct 2007,"18 Yrs, 8 Months",556,16.18%,2.56%,0.01%,0.84%,29.54%,16.66%,15.25%,-1.55%,14.15%,2026-08-12T16:02:58.667Z,https://pmsbazaar.com/Visitor/PMSComparison,Globe Capital Market Ltd - Value,https://pmsbazaar.com/Strategy/Value/Globe-Capital-Market-Ltd,12
Karma Capital Advisors Pvt Ltd,https://pmsbazaar.com/AMC/Karma-Capital-Advisors-Pvt-Ltd/PMS,Equity,285.52,S&P BSE 500 TRI,Multi Cap & Flexi Cap,298,1M,2026-06-30,Dec 2006,"19 Yrs, 6 Months",556,14.52%,2.55%,-1.01%,5.75%,19.08%,16.55%,13.56%,1.68%,12.73%,2026-08-12T16:02:58.667Z,https://pmsbazaar.com/Visitor/PMSComparison,Karma Capital Advisors Pvt Ltd - Wealth Builder,https://pmsbazaar.com/Strategy/Wealth_Builder/Karma-Capital-Advisors-Pvt-Ltd,12
Purnartha Investment Advisers Pvt Ltd,https://pmsbazaar.com/AMC/Purnartha-Investment-Advisers-Pvt-Ltd/PMS,Multiasset,9.47,NSE Multi Asset Index 2,Multi Asset,299,1M,2026-06-30,Sep 2023,"2 Yrs, 9 Months",556,NA,2.54%,4.67%,6.67%,14.62%,NA,NA,4.41%,8.73%,2026-08-12T16:02:58.668Z,https://pmsbazaar.com/Visitor/PMSComparison,Purnartha Investment Advisers Pvt Ltd - Purnartha One Strategy.,https://pmsbazaar.com/Strategy/Purnartha_One_Strategy/Purnartha-Investment-Advisers-Pvt-Ltd,12
Bharat Bhushan Equity Traders Limited,https://pmsbazaar.com/AMC/Bharat-Bhushan-Equity-Traders-Limited/PMS,Equity,74.10,S&P BSE 500 TRI,Multi Cap & Flexi Cap,300,1M,2026-06-30,Jan 2025,"1 Yrs, 5 Months",556,NA,2.53%,18.15%,NA,25.35%,NA,NA,14.56%,23.36%,2026-08-12T16:02:58.668Z,https://pmsbazaar.com/Visitor/PMSComparison,Bharat Bhushan Equity Traders Limited - BB Micro To Mega,https://pmsbazaar.com/Strategy/BB_Micro_To_Mega/Bharat-Bhushan-Equity-Traders-Limited,12
Stallion Asset Pvt Ltd,https://pmsbazaar.com/AMC/Stallion-Asset-Pvt-Ltd/PMS,Equity,8102.31,S&P BSE 500 TRI,Multi Cap & Flexi Cap,303,1M,2026-06-30,Oct 2018,"7 Yrs, 8 Months",556,NA,2.52%,12.43%,17.11%,29.76%,36.27%,24.63%,10.84%,28.10%,2026-08-12T16:02:59.717Z,https://pmsbazaar.com/Visitor/PMSComparison,Stallion Asset Pvt Ltd - Core Fund,https://pmsbazaar.com/Strategy/Core_Fund/Stallion-Asset-Pvt-Ltd,13
White Oak Capital Management Consultants LLP,https://pmsbazaar.com/AMC/White-Oak-Capital-Management-Consultants-LLP/PMS,Equity,65.07,S&P BSE 500 TRI,Multi Cap & Flexi Cap,302,1M,2026-06-30,Jan 2021,"5 Yrs, 5 Months",556,NA,2.52%,-3.90%,2.71%,12.26%,9.91%,8.77%,-3.40%,10.63%,2026-08-12T16:02:59.717Z,https://pmsbazaar.com/Visitor/PMSComparison,White Oak Capital Management Consultants LLP - Business Leaders PMS.,https://pmsbazaar.com/Strategy/Business_Leaders_PMS/White-Oak-Capital-Management-Consultants-LLP,13
Geojit Financial Services Ltd,https://pmsbazaar.com/AMC/Geojit-Financial-Services-Ltd/PMS,Equity,1216.90,S&P BSE 500 TRI,Small & Mid Cap,301,1M,2026-06-30,Jun 2003,"23 Yrs, 0 Months",556,12.48%,2.52%,4.53%,2.30%,17.32%,10.83%,13.81%,4.59%,20.93%,2026-08-12T16:02:59.717Z,https://pmsbazaar.com/Visitor/PMSComparison,Geojit Financial Services Ltd - Advantage Portfolio,https://pmsbazaar.com/Strategy/Advantage_Portfolio/Geojit-Financial-Services-Ltd,13
Tamohara Investment Managers Pvt Ltd,https://pmsbazaar.com/AMC/Tamohara-Investment-Managers-Pvt-Ltd/PMS,Equity,9.63,Nifty 50 TRI,Multi Cap & Flexi Cap,305,1M,2026-06-30,Jun 2022,"4 Yrs, 0 Months",556,NA,2.52%,2.17%,-1.55%,17.54%,9.70%,NA,5.31%,10.65%,2026-08-12T16:02:59.717Z,https://pmsbazaar.com/Visitor/PMSComparison,Tamohara Investment Managers Pvt Ltd - Q,https://pmsbazaar.com/Strategy/Q/Tamohara-Investment-Managers-Pvt-Ltd,13
Geojit Financial Services Ltd,https://pmsbazaar.com/AMC/Geojit-Financial-Services-Ltd/PMS,Equity,179.38,Nifty 50 TRI,Mid & Large Cap,304,1M,2026-06-30,Nov 2011,"14 Yrs, 7 Months",556,9.93%,2.52%,-2.17%,-1.60%,13.23%,5.21%,7.70%,-2.98%,12.83%,2026-08-12T16:02:59.717Z,https://pmsbazaar.com/Visitor/PMSComparison,Geojit Financial Services Ltd - Freedom Portfolio,https://pmsbazaar.com/Strategy/Freedom_Portfolio/Geojit-Financial-Services-Ltd,13
Aditya Birla Sun Life AMC,https://pmsbazaar.com/AMC/Aditya-Birla-Sun-Life-AMC/PMS,Equity,91,Nifty 50 TRI,Large Cap,306,1M,2026-06-30,May 2015,"11 Yrs, 1 Months",556,12.42%,2.50%,-8.43%,-2.71%,9.43%,8.26%,10.23%,-7.41%,11.28%,2026-08-12T16:02:59.717Z,https://pmsbazaar.com/Visitor/PMSComparison,Aditya Birla Sun Life AMC - Top 200 Core Equity Portfolio,https://pmsbazaar.com/Strategy/Top_200_Core_Equity_Portfolio/Aditya-Birla-Sun-Life-AMC,13
Buoyant Capital Pvt Ltd,https://pmsbazaar.com/AMC/Buoyant-Capital-Pvt-Ltd/PMS,Equity,11549.17,S&P BSE 500 TRI,Multi Cap & Flexi Cap,307,1M,2026-06-30,Jun 2016,"10 Yrs, 0 Months",556,20.34%,2.48%,5.09%,9.72%,11.72%,17.97%,20.20%,-0.10%,20.75%,2026-08-12T16:02:59.718Z,https://pmsbazaar.com/Visitor/PMSComparison,Buoyant Capital Pvt Ltd - Opportunities,https://pmsbazaar.com/Strategy/Opportunities/Buoyant-Capital-Pvt-Ltd,13
Invesco Asset Management (I) Pvt Ltd,https://pmsbazaar.com/AMC/Invesco-Asset-Management-(I)-Pvt-Ltd/PMS,Equity,217.53,S&P BSE 500 TRI,Large Cap,309,1M,2026-06-30,Aug 2017,"8 Yrs, 10 Months",556,NA,2.47%,-6.78%,-4.82%,8.94%,8.76%,11.27%,-6.02%,8.89%,2026-08-12T16:02:59.718Z,https://pmsbazaar.com/Visitor/PMSComparison,Invesco Asset Management (I) Pvt Ltd - DAWN,https://pmsbazaar.com/Strategy/DAWN/Invesco-Asset-Management-(I)-Pvt-Ltd,13
Narnolia Financial Services Ltd,https://pmsbazaar.com/AMC/Narnolia-Financial-Services-Ltd/PMS,Equity,57.28,Nifty 50 TRI,Thematic,308,1M,2026-06-30,May 2015,"11 Yrs, 1 Months",556,14.69%,2.47%,-1.64%,-0.02%,9.83%,10.23%,10.51%,-1.64%,14.70%,2026-08-12T16:02:59.718Z,https://pmsbazaar.com/Visitor/PMSComparison,Narnolia Financial Services Ltd - 5TX5T,https://pmsbazaar.com/Strategy/5TX5T/Narnolia-Financial-Services-Ltd,13
Omniscience Capital Advisors Private Limited,https://pmsbazaar.com/AMC/Omniscience-Capital-Advisors-Private-Limited/PMS,Equity,33.80,S&P BSE 500 TRI,Multi Cap & Flexi Cap,311,1M,2026-06-30,Oct 2025,"0 Yrs, 8 Months",556,NA,2.45%,NA,NA,18.11%,NA,NA,0.14%,-2.81%,2026-08-12T16:02:59.718Z,https://pmsbazaar.com/Visitor/PMSComparison,Omniscience Capital Advisors Private Limited - Omni SuperNormal India,https://pmsbazaar.com/Strategy/Omni_SuperNormal_India/Omniscience-Capital-Advisors-Private-Limited,13
Karma Capital Advisors Pvt Ltd,https://pmsbazaar.com/AMC/Karma-Capital-Advisors-Pvt-Ltd/PMS,Equity,23.00,S&P BSE 500 TRI,Small & Mid Cap,310,1M,2026-06-30,Feb 2023,"3 Yrs, 4 Months",556,NA,2.45%,1.76%,7.30%,14.69%,18.38%,NA,-1.81%,22.20%,2026-08-12T16:02:59.718Z,https://pmsbazaar.com/Visitor/PMSComparison,Karma Capital Advisors Pvt Ltd - Lotus,https://pmsbazaar.com/Strategy/Lotus/Karma-Capital-Advisors-Pvt-Ltd,13
Marcellus Investment Managers Pvt Ltd,https://pmsbazaar.com/AMC/Marcellus-Investment-Managers-Pvt-Ltd/PMS,Equity,1666.34,Nifty 50 TRI,Large Cap,312,1M,2026-06-30,Dec 2018,"7 Yrs, 6 Months",556,NA,2.42%,-6.29%,-0.60%,17.51%,4.70%,4.41%,-0.78%,11.80%,2026-08-12T16:02:59.718Z,https://pmsbazaar.com/Visitor/PMSComparison,Marcellus Investment Managers Pvt Ltd - Consistent Compounders,https://pmsbazaar.com/Strategy/Consistent_Compounders/Marcellus-Investment-Managers-Pvt-Ltd,13
Nippon Life India Asset Management Ltd,https://pmsbazaar.com/AMC/Nippon-Life-India-Asset-Management-Ltd/PMS,Equity,44.85,S&P BSE 500 TRI,Multi Cap & Flexi Cap,314,1M,2026-06-30,Oct 2018,"7 Yrs, 8 Months",556,NA,2.40%,2.80%,2.80%,15.40%,14.00%,11.40%,0.50%,14.70%,2026-08-12T16:02:59.718Z,https://pmsbazaar.com/Visitor/PMSComparison,Nippon Life India Asset Management Ltd - Indian Economic Transformation,https://pmsbazaar.com/Strategy/Indian_Economic_Transformation/Nippon-Life-India-Asset-Management-Ltd,13
Nippon Life India Asset Management Ltd,https://pmsbazaar.com/AMC/Nippon-Life-India-Asset-Management-Ltd/PMS,Equity,8.32,S&P BSE 500 TRI,Large Cap,313,1M,2026-06-30,Sep 2004,"21 Yrs, 9 Months",556,ND,2.40%,2.40%,2.30%,13.30%,14.20%,13.60%,-2.40%,14.20%,2026-08-12T16:02:59.718Z,https://pmsbazaar.com/Visitor/PMSComparison,Nippon Life India Asset Management Ltd - Absolute Freedom,https://pmsbazaar.com/Strategy/Absolute_Freedom/Nippon-Life-India-Asset-Management-Ltd,13
Sundaram Alternate Assets Ltd,https://pmsbazaar.com/AMC/Sundaram-Alternate-Assets-Ltd/PMS,Equity,1864.55,S&P BSE 500 TRI,Multi Cap & Flexi Cap,316,1M,2026-06-30,Feb 2010,"16 Yrs, 4 Months",556,16.40%,2.38%,30.79%,23.53%,34.15%,24.93%,18.45%,23.82%,18.94%,2026-08-12T16:02:59.718Z,https://pmsbazaar.com/Visitor/PMSComparison,Sundaram Alternate Assets Ltd - SISOP,https://pmsbazaar.com/Strategy/SISOP/Sundaram-Alternate-Assets-Ltd,13
Pl Asset Management Pvt Ltd ,https://pmsbazaar.com/AMC/Pl-Asset-Management-Pvt-Ltd-/PMS,Equity,UNDISC.,S&P BSE 500 TRI,Multi Cap & Flexi Cap,315,1M,2026-06-30,Aug 2023,"2 Yrs, 10 Months",556,NA,2.38%,31.77%,22.71%,26.69%,NA,NA,28.95%,21.54%,2026-08-12T16:02:59.719Z,https://pmsbazaar.com/Visitor/PMSComparison,Pl Asset Management Pvt Ltd  - Elevate,https://pmsbazaar.com/Strategy/Elevate/Pl-Asset-Management-Pvt-Ltd-,13
Profusion Investment Advisors LLP,https://pmsbazaar.com/AMC/Profusion-Investment-Advisors-LLP/PMS,Equity,12.38,S&P BSE 500 TRI,Multi Cap & Flexi Cap,317,1M,2026-06-30,Jan 2023,"3 Yrs, 5 Months",556,NA,2.35%,12.16%,4.81%,9.56%,14.74%,NA,9.51%,14.90%,2026-08-12T16:02:59.719Z,https://pmsbazaar.com/Visitor/PMSComparison,Profusion Investment Advisors LLP - Multi Strategy.,https://pmsbazaar.com/Strategy/Multi_Strategy/Profusion-Investment-Advisors-LLP,13
White Oak Capital Management Consultants LLP,https://pmsbazaar.com/AMC/White-Oak-Capital-Management-Consultants-LLP/PMS,Equity,22.36,S&P BSE 500 TRI,Multi Cap & Flexi Cap,318,1M,2026-06-30,May 2024,"2 Yrs, 1 Months",556,NA,2.33%,-4.73%,2.17%,11.83%,NA,NA,-3.84%,5.05%,2026-08-12T16:02:59.719Z,https://pmsbazaar.com/Visitor/PMSComparison,White Oak Capital Management Consultants LLP - Research Select Equity.,https://pmsbazaar.com/Strategy/Research_Select_Equity/White-Oak-Capital-Management-Consultants-LLP,13
Aditya Birla Sun Life AMC,https://pmsbazaar.com/AMC/Aditya-Birla-Sun-Life-AMC/PMS,Equity,145,S&P BSE 500 TRI,Multi Cap & Flexi Cap,321,1M,2026-06-30,Apr 2018,"8 Yrs, 2 Months",556,NA,2.30%,-9.62%,0.58%,14.42%,11.46%,12.72%,-4.24%,15.58%,2026-08-12T16:02:59.719Z,https://pmsbazaar.com/Visitor/PMSComparison,Aditya Birla Sun Life AMC - Innovation Portfolio,https://pmsbazaar.com/Strategy/Innovation_Portfolio/Aditya-Birla-Sun-Life-AMC,13
Nippon Life India Asset Management Ltd,https://pmsbazaar.com/AMC/Nippon-Life-India-Asset-Management-Ltd/PMS,Equity,27.33,S&P BSE 500 TRI,Multi Cap & Flexi Cap,320,1M,2026-06-30,Mar 2014,"12 Yrs, 3 Months",556,ND,2.30%,-0.50%,0.20%,12.30%,13.20%,12.30%,-2.80%,15.80%,2026-08-12T16:02:59.719Z,https://pmsbazaar.com/Visitor/PMSComparison,Nippon Life India Asset Management Ltd - High Conviction,https://pmsbazaar.com/Strategy/High_Conviction/Nippon-Life-India-Asset-Management-Ltd,13
True Beacon Investment Advisors LLP,https://pmsbazaar.com/AMC/True-Beacon-Investment-Advisors-LLP/PMS,Equity,153.57,S&P BSE 500 TRI,Mid & Large Cap,319,1M,2026-06-30,Aug 2022,"3 Yrs, 10 Months",556,NA,2.30%,-6.29%,-5.99%,11.86%,12.42%,NA,-1.42%,13.39%,2026-08-12T16:02:59.719Z,https://pmsbazaar.com/Visitor/PMSComparison,True Beacon Investment Advisors LLP - EqFactorQuant,https://pmsbazaar.com/Strategy/EqFactorQuant/True-Beacon-Investment-Advisors-LLP,13
Omniscience Capital Advisors Private Limited,https://pmsbazaar.com/AMC/Omniscience-Capital-Advisors-Private-Limited/PMS,Equity,0.02,S&P BSE 500 TRI,Thematic,323,1M,2026-06-30,Nov 2025,"0 Yrs, 7 Months",556,NA,2.29%,NA,NA,20.00%,NA,NA,-3.00%,-6.97%,2026-08-12T16:02:59.719Z,https://pmsbazaar.com/Visitor/PMSComparison,Omniscience Capital Advisors Private Limited - Omni Rail and Mobility,https://pmsbazaar.com/Strategy/Omni_Rail_and_Mobility/Omniscience-Capital-Advisors-Private-Limited,13
BugleRock Capital Pvt Ltd,https://pmsbazaar.com/AMC/BugleRock-Capital-Pvt-Ltd/PMS,Equity,1285.46,S&P BSE 500 TRI,Multi Cap & Flexi Cap,322,1M,2026-06-30,May 2019,"7 Yrs, 1 Months",556,NA,2.29%,-5.01%,0.13%,13.78%,11.86%,12.99%,-5.12%,14.54%,2026-08-12T16:02:59.719Z,https://pmsbazaar.com/Visitor/PMSComparison,BugleRock Capital Pvt Ltd - Core Value Strategy - Regular Option,https://pmsbazaar.com/Strategy/Core_Value_Strategy_-_Regular_Option/BugleRock-Capital-Pvt-Ltd,13
Omniscience Capital Advisors Private Limited,https://pmsbazaar.com/AMC/Omniscience-Capital-Advisors-Private-Limited/PMS,Equity,0.03,S&P BSE 500 TRI,Thematic,324,1M,2026-06-30,Nov 2025,"0 Yrs, 7 Months",556,NA,2.28%,NA,NA,25.80%,NA,NA,12.09%,4.07%,2026-08-12T16:02:59.720Z,https://pmsbazaar.com/Visitor/PMSComparison,Omniscience Capital Advisors Private Limited - Omni Energy Transition,https://pmsbazaar.com/Strategy/Omni_Energy_Transition/Omniscience-Capital-Advisors-Private-Limited,13
Concept Investwell Pvt Ltd,https://pmsbazaar.com/AMC/Concept-Investwell-Pvt-Ltd/PMS,Equity,3.27,S&P BSE 500 TRI,Mid & Large Cap,325,1M,2026-06-30,Sep 2019,"6 Yrs, 9 Months",556,NA,2.27%,2.42%,-2.59%,11.03%,5.81%,8.93%,-0.14%,13.44%,2026-08-12T16:02:59.720Z,https://pmsbazaar.com/Visitor/PMSComparison,Concept Investwell Pvt Ltd - Dynamic,https://pmsbazaar.com/Strategy/Dynamic/Concept-Investwell-Pvt-Ltd,13
Purnartha Investment Advisers Pvt Ltd,https://pmsbazaar.com/AMC/Purnartha-Investment-Advisers-Pvt-Ltd/PMS,Equity,203.56,S&P BSE 500 TRI,Multi Cap & Flexi Cap,327,1M,2026-06-30,Mar 2021,"5 Yrs, 3 Months",556,NA,2.25%,3.78%,3.85%,16.99%,14.86%,10.08%,9.02%,11.01%,2026-08-12T16:03:00.470Z,https://pmsbazaar.com/Visitor/PMSComparison,Purnartha Investment Advisers Pvt Ltd - Vision Strategy,https://pmsbazaar.com/Strategy/Vision_Strategy/Purnartha-Investment-Advisers-Pvt-Ltd,14
PRPEdge Wealth Pvt Ltd,https://pmsbazaar.com/AMC/PRPEdge-Wealth-Pvt-Ltd/PMS,Equity,7.23,Nifty 50 TRI,Multi Cap & Flexi Cap,326,1M,2026-06-30,Sep 2023,"2 Yrs, 9 Months",556,NA,2.25%,-9.59%,-3.13%,9.29%,NA,NA,-10.79%,8.57%,2026-08-12T16:03:00.471Z,https://pmsbazaar.com/Visitor/PMSComparison,PRPEdge Wealth Pvt Ltd - Alphaa Better Risk Reward 30 stocks,https://pmsbazaar.com/Strategy/Alphaa_Better_Risk_Reward_30_stocks/PRPEdge-Wealth-Pvt-Ltd,14
Capitalmind Financial Services,https://pmsbazaar.com/AMC/Capitalmind-Financial-Services/PMS,Equity,289.74,Nifty 50 TRI,Multi Cap & Flexi Cap,328,1M,2026-06-30,Jul 2022,"3 Yrs, 11 Months",556,NA,2.22%,0.85%,3.73%,13.05%,15.11%,NA,-0.33%,16.54%,2026-08-12T16:03:00.471Z,https://pmsbazaar.com/Visitor/PMSComparison,Capitalmind Financial Services - All Weather Equity-,https://pmsbazaar.com/Strategy/All_Weather_Equity/Capitalmind-Financial-Services,14
Cosmea Portfolio Mgnt Pvt Ltd (erstwhile Torus),https://pmsbazaar.com/AMC/Cosmea-Portfolio-Mgnt-Pvt-Ltd-(erstwhile-Torus)/PMS,Equity,1.93,S&P BSE 500 TRI,Multi Cap & Flexi Cap,329,1M,2026-06-30,Mar 2024,"2 Yrs, 3 Months",556,NA,2.20%,2.66%,1.43%,16.28%,NA,NA,0.83%,6.06%,2026-08-12T16:03:00.471Z,https://pmsbazaar.com/Visitor/PMSComparison,Cosmea Portfolio Mgnt Pvt Ltd (erstwhile Torus) - Alpha Value,https://pmsbazaar.com/Strategy/Alpha_Value/Cosmea-Portfolio-Mgnt-Pvt-Ltd-(erstwhile-Torus),14
2Point2 Capital,https://pmsbazaar.com/AMC/2Point2-Capital/PMS,Equity,2041.79,S&P BSE 500 TRI,Multi Cap & Flexi Cap,330,1M,2026-06-30,Jul 2016,"9 Yrs, 11 Months",556,NA,2.20%,-3.70%,10.20%,12.70%,15.90%,17.20%,-3.00%,18.90%,2026-08-12T16:03:00.471Z,https://pmsbazaar.com/Visitor/PMSComparison,2Point2 Capital - Long Term Value Fund,https://pmsbazaar.com/Strategy/Long_Term_Value_Fund/2Point2-Capital,14
Nuvama Asset Management Limited,https://pmsbazaar.com/AMC/Nuvama-Asset-Management-Limited/PMS,Debt,355.67,Crisil Composite Bond Fund Index,Debt,331,1M,2026-06-30,May 2023,"3 Yrs, 1 Months",556,NA,2.19%,0.09%,5.34%,6.18%,8.79%,NA,-3.07%,8.72%,2026-08-12T16:03:00.471Z,https://pmsbazaar.com/Visitor/PMSComparison,Nuvama Asset Management Limited - Absolute Return Strategy.,https://pmsbazaar.com/Strategy/Absolute_Return_Strategy/Nuvama-Asset-Management-Limited,14
Omniscience Capital Advisors Private Limited,https://pmsbazaar.com/AMC/Omniscience-Capital-Advisors-Private-Limited/PMS,Multiasset,7.60,NSE Multi Asset Index 1,Multi Asset,332,1M,2026-06-30,Nov 2025,"0 Yrs, 7 Months",556,NA,2.17%,NA,NA,12.50%,NA,NA,0.84%,-1.97%,2026-08-12T16:03:00.471Z,https://pmsbazaar.com/Visitor/PMSComparison,Omniscience Capital Advisors Private Limited - Omni Super Pay,https://pmsbazaar.com/Strategy/Omni_Super_Pay/Omniscience-Capital-Advisors-Private-Limited,14
Omniscience Capital Advisors Private Limited,https://pmsbazaar.com/AMC/Omniscience-Capital-Advisors-Private-Limited/PMS,Equity,0.53,S&P BSE 500 TRI,Large Cap,333,1M,2026-06-30,Nov 2025,"0 Yrs, 7 Months",556,NA,2.16%,NA,NA,15.78%,NA,NA,1.64%,1.61%,2026-08-12T16:03:00.471Z,https://pmsbazaar.com/Visitor/PMSComparison,Omniscience Capital Advisors Private Limited - Omni Emperors,https://pmsbazaar.com/Strategy/Omni_Emperors/Omniscience-Capital-Advisors-Private-Limited,14
Marathon Trends Advisory Pvt Ltd,https://pmsbazaar.com/AMC/Marathon-Trends-Advisory-Pvt-Ltd/PMS,Equity,349.44,S&P BSE 500 TRI,Multi Cap & Flexi Cap,335,1M,2026-06-30,Apr 2023,"3 Yrs, 2 Months",556,NA,2.15%,-0.35%,-3.08%,12.16%,12.39%,NA,-2.10%,17.77%,2026-08-12T16:03:00.472Z,https://pmsbazaar.com/Visitor/PMSComparison,Marathon Trends Advisory Pvt Ltd - Trend Following.,https://pmsbazaar.com/Strategy/Trend_Following/Marathon-Trends-Advisory-Pvt-Ltd,14
Omniscience Capital Advisors Private Limited,https://pmsbazaar.com/AMC/Omniscience-Capital-Advisors-Private-Limited/PMS,Debt,0.03,Nifty Medium to Long Duration Debt Index,Debt,334,1M,2026-06-30,Nov 2025,"0 Yrs, 7 Months",556,NA,2.15%,NA,NA,4.32%,NA,NA,4.61%,2.01%,2026-08-12T16:03:00.472Z,https://pmsbazaar.com/Visitor/PMSComparison,Omniscience Capital Advisors Private Limited - Omni Super Debt,https://pmsbazaar.com/Strategy/Omni_Super_Debt/Omniscience-Capital-Advisors-Private-Limited,14
ithought Financial Consulting LLP,https://pmsbazaar.com/AMC/ithought-Financial-Consulting-LLP/PMS,Equity,367.73,S&P BSE 500 TRI,Small Cap,336,1M,2026-06-30,May 2021,"5 Yrs, 1 Months",556,NA,2.12%,-10.99%,-4.84%,20.94%,7.97%,15.45%,2.96%,17.55%,2026-08-12T16:03:00.472Z,https://pmsbazaar.com/Visitor/PMSComparison,ithought Financial Consulting LLP - VRDDHI,https://pmsbazaar.com/Strategy/VRDDHI/ithought-Financial-Consulting-LLP,14
First Global Finance Pvt Ltd,https://pmsbazaar.com/AMC/First-Global-Finance-Pvt-Ltd/PMS,Equity,187.44,S&P BSE 500 TRI,Multi Cap & Flexi Cap,338,1M,2026-06-30,Feb 2020,"6 Yrs, 4 Months",556,NA,2.10%,-4.67%,-3.08%,12.22%,7.89%,8.49%,-3.84%,16.65%,2026-08-12T16:03:00.472Z,https://pmsbazaar.com/Visitor/PMSComparison,First Global Finance Pvt Ltd - The India Super 50,https://pmsbazaar.com/Strategy/The_India_Super_50/First-Global-Finance-Pvt-Ltd,14
Acepro Advisors Pvt Ltd,https://pmsbazaar.com/AMC/Acepro-Advisors-Pvt-Ltd/PMS,Equity,2.54,Nifty 50 TRI,Large Cap,337,1M,2026-06-30,Feb 2019,"7 Yrs, 4 Months",556,NA,2.10%,-10.47%,0.39%,7.84%,8.25%,8.76%,-9.40%,11.15%,2026-08-12T16:03:00.472Z,https://pmsbazaar.com/Visitor/PMSComparison,Acepro Advisors Pvt Ltd - Large Cap Strategy,https://pmsbazaar.com/Strategy/Large_Cap_Strategy/Acepro-Advisors-Pvt-Ltd,14
Aditya Birla Sun Life AMC,https://pmsbazaar.com/AMC/Aditya-Birla-Sun-Life-AMC/PMS,Equity,186,Nifty 50 TRI,Multi Cap & Flexi Cap,339,1M,2026-06-30,Jan 2009,"17 Yrs, 5 Months",556,8.76%,2.06%,-4.32%,-0.94%,9.85%,7.21%,8.90%,-5.95%,17.61%,2026-08-12T16:03:00.472Z,https://pmsbazaar.com/Visitor/PMSComparison,Aditya Birla Sun Life AMC - Core Equity Portfolio,https://pmsbazaar.com/Strategy/Core_Equity_Portfolio/Aditya-Birla-Sun-Life-AMC,14
Ckredence Wealth Management Pvt Ltd,https://pmsbazaar.com/AMC/Ckredence-Wealth-Management-Pvt-Ltd/PMS,Equity,124.68,S&P BSE 500 TRI,Multi Cap & Flexi Cap,340,1M,2026-06-30,Jun 2021,"5 Yrs, 0 Months",556,NA,2.03%,13.62%,8.73%,22.99%,19.78%,NA,6.19%,17.71%,2026-08-12T16:03:00.472Z,https://pmsbazaar.com/Visitor/PMSComparison,Ckredence Wealth Management Pvt Ltd - Diversified Fund.,https://pmsbazaar.com/Strategy/Diversified_Fund/Ckredence-Wealth-Management-Pvt-Ltd,14
ASK Investment Managers Ltd,https://pmsbazaar.com/AMC/ASK-Investment-Managers-Ltd/PMS,Equity,1018.93,S&P BSE 500 TRI,Multi Cap & Flexi Cap,341,1M,2026-06-30,Jan 2010,"16 Yrs, 5 Months",556,9.06%,2.00%,-9.59%,-7.02%,8.88%,4.31%,4.41%,-9.27%,13.10%,2026-08-12T16:03:00.472Z,https://pmsbazaar.com/Visitor/PMSComparison,ASK Investment Managers Ltd - ASK  India Select Portfolio,https://pmsbazaar.com/Strategy/ASK__India_Select_Portfolio/ASK-Investment-Managers-Ltd,14
Trivantage Capital Management India Pvt Ltd,https://pmsbazaar.com/AMC/Trivantage-Capital-Management-India-Pvt-Ltd/PMS,Equity,31.29,Nifty 50 TRI,Small & Mid Cap,342,1M,2026-06-30,Mar 2023,"3 Yrs, 3 Months",556,NA,1.99%,5.20%,11.81%,17.29%,15.24%,NA,5.56%,19.03%,2026-08-12T16:03:00.473Z,https://pmsbazaar.com/Visitor/PMSComparison,Trivantage Capital Management India Pvt Ltd - Small and Midcap Financials.,https://pmsbazaar.com/Strategy/Small_and_Midcap_Financials/Trivantage-Capital-Management-India-Pvt-Ltd,14
Accuracap,https://pmsbazaar.com/AMC/Accuracap/PMS,Equity,49.28,S&P BSE 500 TRI,Multi Cap & Flexi Cap,343,1M,2026-06-30,Dec 2015,"10 Yrs, 6 Months",556,13.62%,1.96%,6.32%,3.20%,18.40%,14.40%,11.65%,5.91%,13.04%,2026-08-12T16:03:00.473Z,https://pmsbazaar.com/Visitor/PMSComparison,Accuracap - Alphagen,https://pmsbazaar.com/Strategy/Alphagen/Accuracap,14
NAFA Asset Managers Pvt Ltd,https://pmsbazaar.com/AMC/NAFA-Asset-Managers-Pvt-Ltd/PMS,Equity,17.17,S&P BSE 500 TRI,Mid Cap,344,1M,2026-06-30,Sep 2021,"4 Yrs, 9 Months",556,NA,1.95%,10.66%,1.65%,29.68%,22.81%,NA,19.37%,23.55%,2026-08-12T16:03:00.473Z,https://pmsbazaar.com/Visitor/PMSComparison,NAFA Asset Managers Pvt Ltd - Clean Tech Portfolio,https://pmsbazaar.com/Strategy/Clean_Tech_Portfolio/NAFA-Asset-Managers-Pvt-Ltd,14
Fident Asset Management,https://pmsbazaar.com/AMC/Fident-Asset-Management/PMS,Equity,11.45,S&P BSE 500 TRI,Multi Cap & Flexi Cap,345,1M,2026-06-30,Apr 2024,"2 Yrs, 2 Months",556,NA,1.94%,5.30%,9.13%,16.58%,NA,NA,4.71%,12.64%,2026-08-12T16:03:00.473Z,https://pmsbazaar.com/Visitor/PMSComparison,Fident Asset Management - Fident All-Season India Resilient (FAIR),https://pmsbazaar.com/Strategy/Fident_All-Season_India_Resilient_(FAIR)/Fident-Asset-Management,14
Omniscience Capital Advisors Private Limited,https://pmsbazaar.com/AMC/Omniscience-Capital-Advisors-Private-Limited/PMS,Equity,0.07,S&P BSE 500 TRI,Mid Cap,346,1M,2026-06-30,Nov 2025,"0 Yrs, 7 Months",556,NA,1.93%,NA,NA,19.46%,NA,NA,9.85%,7.78%,2026-08-12T16:03:00.473Z,https://pmsbazaar.com/Visitor/PMSComparison,Omniscience Capital Advisors Private Limited - Omni Barons,https://pmsbazaar.com/Strategy/Omni_Barons/Omniscience-Capital-Advisors-Private-Limited,14
Right Horizons,https://pmsbazaar.com/AMC/Right-Horizons/PMS,Multiasset,133.92,NSE Multi Asset Index 2,Multi Asset,347,1M,2026-06-30,Jul 2014,"11 Yrs, 11 Months",556,9.68%,1.91%,0.59%,4.17%,8.34%,12.06%,10.54%,0.69%,8.84%,2026-08-12T16:03:00.473Z,https://pmsbazaar.com/Visitor/PMSComparison,Right Horizons - Alliance,https://pmsbazaar.com/Strategy/Alliance/Right-Horizons,14
Prudent Equity Pvt Ltd,https://pmsbazaar.com/AMC/Prudent-Equity-Pvt-Ltd/PMS,Equity,30.12,S&P BSE 500 TRI,Multi Cap & Flexi Cap,348,1M,2026-06-30,Jul 2024,"1 Yrs, 11 Months",556,NA,1.90%,2.60%,NA,19.87%,NA,NA,5.29%,0.67%,2026-08-12T16:03:00.473Z,https://pmsbazaar.com/Visitor/PMSComparison,Prudent Equity Pvt Ltd - Prudent Equity Growth Strategy,https://pmsbazaar.com/Strategy/Prudent_Equity_Growth_Strategy/Prudent-Equity-Pvt-Ltd,14
Sundaram Alternate Assets Ltd,https://pmsbazaar.com/AMC/Sundaram-Alternate-Assets-Ltd/PMS,Equity,1027.23,S&P BSE 500 TRI,Mid Cap,349,1M,2026-06-30,Jun 2010,"16 Yrs, 0 Months",556,17.51%,1.90%,32.45%,21.24%,34.81%,23.32%,17.42%,27.40%,18.36%,2026-08-12T16:03:00.474Z,https://pmsbazaar.com/Visitor/PMSComparison,Sundaram Alternate Assets Ltd - SELF Portfolio,https://pmsbazaar.com/Strategy/SELF_Portfolio/Sundaram-Alternate-Assets-Ltd,14
Citrus Advisors Pvt Ltd,https://pmsbazaar.com/AMC/Citrus-Advisors-Pvt-Ltd/PMS,Equity,5.56,Nifty 50 TRI,Multi Cap & Flexi Cap,350,1M,2026-06-30,May 2025,"1 Yrs, 1 Months",556,NA,1.90%,4.23%,NA,11.86%,NA,NA,-0.29%,6.59%,2026-08-12T16:03:00.474Z,https://pmsbazaar.com/Visitor/PMSComparison,Citrus Advisors Pvt Ltd - Wealth Fusion Fund,https://pmsbazaar.com/Strategy/Wealth_Fusion_Fund/Citrus-Advisors-Pvt-Ltd,14
ASK Investment Managers Ltd,https://pmsbazaar.com/AMC/ASK-Investment-Managers-Ltd/PMS,Equity,827.08,S&P BSE 500 TRI,Multi Cap & Flexi Cap,351,1M,2026-06-30,Jan 2001,"25 Yrs, 5 Months",556,10.45%,1.89%,-9.76%,-6.85%,9.03%,4.96%,4.39%,-9.34%,16.97%,2026-08-12T16:03:01.207Z,https://pmsbazaar.com/Visitor/PMSComparison,ASK Investment Managers Ltd - ASK  Growth Portfolio,https://pmsbazaar.com/Strategy/ASK__Growth_Portfolio/ASK-Investment-Managers-Ltd,15
HSBC Asset Management India Pvt Ltd,https://pmsbazaar.com/AMC/HSBC-Asset-Management-India-Pvt-Ltd/PMS,Equity,51.95,S&P BSE 500 TRI,Small & Mid Cap,352,1M,2026-06-30,Sep 2023,"2 Yrs, 9 Months",556,NA,1.87%,0.18%,-1.55%,17.55%,NA,NA,0.79%,9.78%,2026-08-12T16:03:01.207Z,https://pmsbazaar.com/Visitor/PMSComparison,HSBC Asset Management India Pvt Ltd - Aspire Portfolio.,https://pmsbazaar.com/Strategy/Aspire_Portfolio/HSBC-Asset-Management-India-Pvt-Ltd,15
Equentis Wealth Advisory Services Limited,https://pmsbazaar.com/AMC/Equentis-Wealth-Advisory-Services-Limited/PMS,Equity,22.55,Nifty 50 TRI,Mid Cap,353,1M,2026-06-30,Feb 2025,"1 Yrs, 4 Months",556,NA,1.86%,-3.25%,NA,12.20%,NA,NA,-1.07%,2.61%,2026-08-12T16:03:01.207Z,https://pmsbazaar.com/Visitor/PMSComparison,Equentis Wealth Advisory Services Limited - Equentis Concentrated Portfolio,https://pmsbazaar.com/Strategy/Equentis_Concentrated_Portfolio/Equentis-Wealth-Advisory-Services-Limited,15
ICICI Prudential AMC Ltd,https://pmsbazaar.com/AMC/ICICI-Prudential-AMC-Ltd/PMS,Equity,878.99,Nifty 50 TRI,Large Cap,354,1M,2026-06-30,Mar 2009,"17 Yrs, 3 Months",556,15.12%,1.83%,1.62%,3.63%,12.92%,18.39%,16.02%,-1.48%,15.82%,2026-08-12T16:03:01.207Z,https://pmsbazaar.com/Visitor/PMSComparison,ICICI Prudential AMC Ltd - Large Cap Strategy,https://pmsbazaar.com/Strategy/Large_Cap_Strategy/ICICI-Prudential-AMC-Ltd,15
Shree Rama Managers LLP,https://pmsbazaar.com/AMC/Shree-Rama-Managers-LLP/PMS,Multiasset,10.95,NSE Multi Asset Index 2,Multi Asset,355,1M,2026-06-30,Apr 2023,"3 Yrs, 2 Months",556,NA,1.82%,-4.21%,-0.62%,6.90%,5.90%,NA,-4.27%,8.35%,2026-08-12T16:03:01.207Z,https://pmsbazaar.com/Visitor/PMSComparison,Shree Rama Managers LLP - Dynamic Plan.,https://pmsbazaar.com/Strategy/Dynamic_Plan/Shree-Rama-Managers-LLP,15
Pl Asset Management Pvt Ltd ,https://pmsbazaar.com/AMC/Pl-Asset-Management-Pvt-Ltd-/PMS,Equity,2.56,S&P BSE 500 TRI,Multi Cap & Flexi Cap,357,1M,2026-06-30,Mar 2026,"0 Yrs, 3 Months",556,NA,1.80%,NA,NA,10.46%,NA,NA,NA,10.42%,2026-08-12T16:03:01.207Z,https://pmsbazaar.com/Visitor/PMSComparison,Pl Asset Management Pvt Ltd  - Trinity,https://pmsbazaar.com/Strategy/Trinity/Pl-Asset-Management-Pvt-Ltd-,15
Pelican Holdings Pvt Ltd,https://pmsbazaar.com/AMC/Pelican-Holdings-Pvt-Ltd/PMS,Equity,51.57,Nifty 50 TRI,Large Cap,356,1M,2026-06-30,Jun 2018,"8 Yrs, 0 Months",556,NA,1.80%,0.59%,1.67%,10.79%,9.01%,9.15%,-6.61%,10.20%,2026-08-12T16:03:01.207Z,https://pmsbazaar.com/Visitor/PMSComparison,Pelican Holdings Pvt Ltd - PE Fund,https://pmsbazaar.com/Strategy/PE_Fund/Pelican-Holdings-Pvt-Ltd,15
Atlas Integrated Finance Limited,https://pmsbazaar.com/AMC/Atlas-Integrated-Finance-Limited/PMS,Equity,45.13,S&P BSE 500 TRI,Multi Cap & Flexi Cap,358,1M,2026-06-30,Mar 2021,"5 Yrs, 3 Months",556,NA,1.78%,-8.86%,-0.74%,11.20%,15.17%,14.43%,-5.47%,23.39%,2026-08-12T16:03:01.207Z,https://pmsbazaar.com/Visitor/PMSComparison,Atlas Integrated Finance Limited - Debt Equity Hybrid PMS Fund.,https://pmsbazaar.com/Strategy/Debt_Equity_Hybrid_PMS_Fund/Atlas-Integrated-Finance-Limited,15
Eklavya Capital Advisors LLP,https://pmsbazaar.com/AMC/Eklavya-Capital-Advisors-LLP/PMS,Equity,7.89,Nifty 50 TRI,Multi Cap & Flexi Cap,359,1M,2026-06-30,Jul 2024,"1 Yrs, 11 Months",556,NA,1.77%,-1.77%,5.07%,11.54%,NA,NA,-1.34%,5.07%,2026-08-12T16:03:01.207Z,https://pmsbazaar.com/Visitor/PMSComparison,Eklavya Capital Advisors LLP - Equity,https://pmsbazaar.com/Strategy/Equity/Eklavya-Capital-Advisors-LLP,15
DV Investment Advisors LLP,https://pmsbazaar.com/AMC/DV-Investment-Advisors-LLP/PMS,Multiasset,271.09,NSE Multi Asset Index 2,Multi Asset,360,1M,2026-06-30,Sep 2025,"0 Yrs, 9 Months",556,NA,1.75%,NA,NA,11.39%,NA,NA,6.74%,6.85%,2026-08-12T16:03:01.208Z,https://pmsbazaar.com/Visitor/PMSComparison,DV Investment Advisors LLP - DVIA Bespoke All-Weather Portfolio,https://pmsbazaar.com/Strategy/DVIA_Bespoke_All-Weather_Portfolio/DV-Investment-Advisors-LLP,15
ithought Financial Consulting LLP,https://pmsbazaar.com/AMC/ithought-Financial-Consulting-LLP/PMS,Equity,1750.44,S&P BSE 500 TRI,Multi Cap & Flexi Cap,361,1M,2026-06-30,Aug 2019,"6 Yrs, 10 Months",556,NA,1.74%,-4.68%,0.69%,12.07%,15.15%,17.57%,-3.08%,19.36%,2026-08-12T16:03:01.208Z,https://pmsbazaar.com/Visitor/PMSComparison,ithought Financial Consulting LLP - SOLITAIRE,https://pmsbazaar.com/Strategy/SOLITAIRE/ithought-Financial-Consulting-LLP,15
PRPEdge Wealth Pvt Ltd,https://pmsbazaar.com/AMC/PRPEdge-Wealth-Pvt-Ltd/PMS,Equity,15.18,Nifty 50 TRI,Small Cap,362,1M,2026-06-30,Aug 2023,"2 Yrs, 10 Months",556,NA,1.71%,-9.16%,-3.67%,16.57%,NA,NA,-1.47%,11.22%,2026-08-12T16:03:01.208Z,https://pmsbazaar.com/Visitor/PMSComparison,PRPEdge Wealth Pvt Ltd - Alphaa Focused Small-Cap Portfolio,https://pmsbazaar.com/Strategy/Alphaa_Focused_Small-Cap_Portfolio/PRPEdge-Wealth-Pvt-Ltd,15
Citrus Advisors Pvt Ltd,https://pmsbazaar.com/AMC/Citrus-Advisors-Pvt-Ltd/PMS,Equity,46.37,Nifty 50 TRI,Multi Cap & Flexi Cap,364,1M,2026-06-30,Aug 2023,"2 Yrs, 10 Months",556,NA,1.66%,-0.61%,2.50%,13.35%,NA,NA,-2.24%,10.13%,2026-08-12T16:03:01.208Z,https://pmsbazaar.com/Visitor/PMSComparison,Citrus Advisors Pvt Ltd - Sector Leaders Fund,https://pmsbazaar.com/Strategy/Sector_Leaders_Fund/Citrus-Advisors-Pvt-Ltd,15
Wryght Research and Capital Pvt Ltd,https://pmsbazaar.com/AMC/Wryght-Research-and-Capital-Pvt-Ltd/PMS,Equity,224.03,S&P BSE 500 TRI,Multi Cap & Flexi Cap,363,1M,2026-06-30,Aug 2023,"2 Yrs, 10 Months",556,NA,1.66%,9.51%,-1.46%,19.10%,NA,NA,7.39%,19.07%,2026-08-12T16:03:01.208Z,https://pmsbazaar.com/Visitor/PMSComparison,Wryght Research and Capital Pvt Ltd - Factor Fund.,https://pmsbazaar.com/Strategy/Factor_Fund/Wryght-Research-and-Capital-Pvt-Ltd,15
Asit C Mehta Investment Intermediates Ltd,https://pmsbazaar.com/AMC/Asit-C-Mehta-Investment-Intermediates-Ltd/PMS,Multiasset,12.44,NSE Multi Asset Index 2,Multi Asset,365,1M,2026-06-30,Oct 2018,"7 Yrs, 8 Months",556,NA,1.65%,6.66%,4.74%,9.79%,23.97%,19.63%,1.09%,16.41%,2026-08-12T16:03:01.208Z,https://pmsbazaar.com/Visitor/PMSComparison,Asit C Mehta Investment Intermediates Ltd - ACE Multi Asset,https://pmsbazaar.com/Strategy/ACE_Multi_Asset/Asit-C-Mehta-Investment-Intermediates-Ltd,15
Pace Financial Investment Adviser Pvt Ltd,https://pmsbazaar.com/AMC/Pace-Financial-Investment-Adviser-Pvt-Ltd/PMS,Debt,141.53,Crisil Credit Index,Debt,366,1M,2026-06-30,Jan 2021,"5 Yrs, 5 Months",556,NA,1.65%,8.60%,8.63%,2.73%,10.96%,10.43%,4.27%,9.69%,2026-08-12T16:03:01.208Z,https://pmsbazaar.com/Visitor/PMSComparison,Pace Financial Investment Adviser Pvt Ltd - Tresor Secure.,https://pmsbazaar.com/Strategy/Tresor_Secure/Pace-Financial-Investment-Adviser-Pvt-Ltd,15
NJ Asset Management Pvt Ltd,https://pmsbazaar.com/AMC/NJ-Asset-Management-Pvt-Ltd/PMS,Hybrid,200.17,Nifty 50 Hybrid Composite Debt 50:50 index,Hybrid,367,1M,2026-06-30,Dec 2021,"4 Yrs, 6 Months",556,NA,1.64%,1.35%,3.37%,7.21%,10.14%,NA,-0.65%,8.65%,2026-08-12T16:03:01.208Z,https://pmsbazaar.com/Visitor/PMSComparison,NJ Asset Management Pvt Ltd - Balanced Advantage Portfolio,https://pmsbazaar.com/Strategy/Balanced_Advantage_Portfolio/NJ-Asset-Management-Pvt-Ltd,15
Mirae Asset Sharekhan Limited,https://pmsbazaar.com/AMC/Mirae-Asset-Sharekhan-Limited/PMS,Equity,265.53,S&P BSE 500 TRI,Multi Cap & Flexi Cap,369,1M,2026-06-30,Jun 2018,"8 Yrs, 0 Months",556,NA,1.60%,-7.38%,-4.39%,9.75%,9.09%,8.98%,-5.09%,10.03%,2026-08-12T16:03:01.208Z,https://pmsbazaar.com/Visitor/PMSComparison,Mirae Asset Sharekhan Limited - MASK Prime Picks,https://pmsbazaar.com/Strategy/MASK_Prime_Picks/Mirae-Asset-Sharekhan-Limited,15
Green Lantern Capital LLP,https://pmsbazaar.com/AMC/Green-Lantern-Capital-LLP/PMS,Equity,1769.40,S&P BSE 500 TRI,Small & Mid Cap,368,1M,2026-06-30,Dec 2017,"8 Yrs, 6 Months",556,NA,1.60%,8.56%,6.10%,18.19%,35.25%,33.66%,9.39%,23.16%,2026-08-12T16:03:01.209Z,https://pmsbazaar.com/Visitor/PMSComparison,Green Lantern Capital LLP - Growth Fund,https://pmsbazaar.com/Strategy/Growth_Fund/Green-Lantern-Capital-LLP,15
Purnartha Investment Advisers Pvt Ltd,https://pmsbazaar.com/AMC/Purnartha-Investment-Advisers-Pvt-Ltd/PMS,Equity,1690.25,S&P BSE 500 TRI,Multi Cap & Flexi Cap,370,1M,2026-06-30,Sep 2020,"5 Yrs, 9 Months",556,NA,1.59%,4.94%,3.03%,15.57%,14.94%,10.37%,9.68%,12.10%,2026-08-12T16:03:01.209Z,https://pmsbazaar.com/Visitor/PMSComparison,Purnartha Investment Advisers Pvt Ltd - Pratham Strategy,https://pmsbazaar.com/Strategy/Pratham_Strategy/Purnartha-Investment-Advisers-Pvt-Ltd,15
HDFC Asset Management Company Ltd,https://pmsbazaar.com/AMC/HDFC-Asset-Management-Company-Ltd/PMS,Equity,5.80,S&P BSE 500 TRI,Small & Mid Cap,372,1M,2026-06-30,Jun 2023,"3 Yrs, 0 Months",556,NA,1.58%,-2.47%,-0.80%,14.40%,9.91%,NA,-1.23%,10.11%,2026-08-12T16:03:01.209Z,https://pmsbazaar.com/Visitor/PMSComparison,HDFC Asset Management Company Ltd - India Ascent Portfolio,https://pmsbazaar.com/Strategy/India_Ascent_Portfolio/HDFC-Asset-Management-Company-Ltd,15
Phillip Capital India Pvt Ltd,https://pmsbazaar.com/AMC/Phillip-Capital-India-Pvt-Ltd/PMS,Debt,262.92,Crisil Composite Bond Fund Index,Debt,371,1M,2026-06-30,Aug 2023,"2 Yrs, 10 Months",556,NA,1.58%,11.10%,11.85%,3.42%,NA,NA,5.53%,14.08%,2026-08-12T16:03:01.209Z,https://pmsbazaar.com/Visitor/PMSComparison,Phillip Capital India Pvt Ltd - Income Builder Portfolio.,https://pmsbazaar.com/Strategy/Income_Builder_Portfolio/Phillip-Capital-India-Pvt-Ltd,15
PrimeInvestor Financial Research Private Limited,https://pmsbazaar.com/AMC/PrimeInvestor-Financial-Research-Private-Limited/PMS,Hybrid,1.81,Nifty 50 Hybrid Composite Debt 50:50 index,Hybrid,375,1M,2026-06-30,Feb 2026,"0 Yrs, 4 Months",556,NA,1.58%,NA,NA,5.86%,NA,NA,NA,0.15%,2026-08-12T16:03:01.209Z,https://pmsbazaar.com/Visitor/PMSComparison,PrimeInvestor Financial Research Private Limited - Prime Vision Balanced,https://pmsbazaar.com/Strategy/Prime_Vision_Balanced/PrimeInvestor-Financial-Research-Private-Limited,15
Dezerv Investments Private Limited,https://pmsbazaar.com/AMC/Dezerv-Investments-Private-Limited/PMS,Multiasset,95.40,NSE Multi Asset Index 1,Multi Asset,373,1M,2026-06-30,Jul 2023,"2 Yrs, 11 Months",556,NA,1.58%,20.29%,18.11%,4.96%,NA,NA,4.12%,16.78%,2026-08-12T16:03:01.209Z,https://pmsbazaar.com/Visitor/PMSComparison,Dezerv Investments Private Limited - Infra Yield Assets,https://pmsbazaar.com/Strategy/Infra_Yield_Assets/Dezerv-Investments-Private-Limited,15
Omniscience Capital Advisors Private Limited,https://pmsbazaar.com/AMC/Omniscience-Capital-Advisors-Private-Limited/PMS,Multiasset,5.08,NSE Multi Asset Index 1,Multi Asset,374,1M,2026-06-30,Nov 2025,"0 Yrs, 7 Months",556,NA,1.58%,NA,NA,11.23%,NA,NA,3.97%,3.12%,2026-08-12T16:03:01.209Z,https://pmsbazaar.com/Visitor/PMSComparison,Omniscience Capital Advisors Private Limited - Omni Super Invest,https://pmsbazaar.com/Strategy/Omni_Super_Invest/Omniscience-Capital-Advisors-Private-Limited,15
Aditya Birla Sun Life AMC,https://pmsbazaar.com/AMC/Aditya-Birla-Sun-Life-AMC/PMS,Equity,1165,S&P BSE 500 TRI,Multi Cap & Flexi Cap,377,1M,2026-06-30,Jun 2018,"8 Yrs, 0 Months",556,NA,1.56%,-7.62%,-3.22%,11.60%,10.34%,11.14%,-3.92%,14.00%,2026-08-12T16:03:01.917Z,https://pmsbazaar.com/Visitor/PMSComparison,Aditya Birla Sun Life AMC - India Special Opportunities Portfolio,https://pmsbazaar.com/Strategy/India_Special_Opportunities_Portfolio/Aditya-Birla-Sun-Life-AMC,16
Vansh Capital Private Limited,https://pmsbazaar.com/AMC/Vansh-Capital-Private-Limited/PMS,Equity,0.30,Nifty 50 TRI,Multi Cap & Flexi Cap,376,1M,2026-06-30,Feb 2026,"0 Yrs, 4 Months",556,NA,1.56%,NA,NA,5.53%,NA,NA,NA,4.17%,2026-08-12T16:03:01.917Z,https://pmsbazaar.com/Visitor/PMSComparison,Vansh Capital Private Limited - Equity Master Approach,https://pmsbazaar.com/Strategy/Equity_Master_Approach/Vansh-Capital-Private-Limited,16
Maxiom Asset Management Pvt Ltd,https://pmsbazaar.com/AMC/Maxiom-Asset-Management-Pvt-Ltd/PMS,Equity,1.18,Nifty 50 TRI,Multi Cap & Flexi Cap,378,1M,2026-06-30,Apr 2025,"1 Yrs, 2 Months",556,NA,1.55%,2.17%,NA,4.68%,NA,NA,-0.85%,6.02%,2026-08-12T16:03:01.917Z,https://pmsbazaar.com/Visitor/PMSComparison,Maxiom Asset Management Pvt Ltd - DIAMOND-,https://pmsbazaar.com/Strategy/Maxiom_PMS_-_DIAMOND/Maxiom-Asset-Management-Pvt-Ltd,16
Axis Securities Ltd,https://pmsbazaar.com/AMC/Axis-Securities-Ltd/PMS,Equity,1561.08,S&P BSE 500 TRI,Multi Cap & Flexi Cap,379,1M,2026-06-30,Nov 2020,"5 Yrs, 7 Months",556,NA,1.54%,-6.15%,-3.03%,15.91%,15.46%,16.39%,-0.99%,19.38%,2026-08-12T16:03:01.917Z,https://pmsbazaar.com/Visitor/PMSComparison,Axis Securities Ltd - Axis Securities Pure Contra,https://pmsbazaar.com/Strategy/Axis_Securities_Pure_Contra/Axis-Securities-Ltd,16
Ckredence Wealth Management Pvt Ltd,https://pmsbazaar.com/AMC/Ckredence-Wealth-Management-Pvt-Ltd/PMS,Equity,233.32,S&P BSE 500 TRI,Multi Cap & Flexi Cap,380,1M,2026-06-30,Jun 2021,"5 Yrs, 0 Months",556,NA,1.53%,14.00%,9.38%,17.68%,17.58%,NA,5.23%,15.17%,2026-08-12T16:03:01.918Z,https://pmsbazaar.com/Visitor/PMSComparison,Ckredence Wealth Management Pvt Ltd - All Weather Fund.,https://pmsbazaar.com/Strategy/All_Weather_Fund/Ckredence-Wealth-Management-Pvt-Ltd,16
Abakkus Asset Manager Private Limited,https://pmsbazaar.com/AMC/Abakkus-Asset-Manager-Private-Limited/PMS,Equity,7766.83,S&P BSE 500 TRI,Multi Cap & Flexi Cap,381,1M,2026-06-30,Oct 2020,"5 Yrs, 8 Months",556,NA,1.52%,5.29%,4.77%,12.57%,15.32%,14.51%,0.01%,22.95%,2026-08-12T16:03:01.918Z,https://pmsbazaar.com/Visitor/PMSComparison,Abakkus Asset Manager Private Limited - All Cap Approach,https://pmsbazaar.com/Strategy/All_Cap_Approach/Abakkus-Asset-Manager-Private-Limited,16
Ionic Asset Management,https://pmsbazaar.com/AMC/Ionic-Asset-Management/PMS,Debt,150.66,Crisil Composite Bond Fund Index,Debt,383,1M,2026-06-30,Feb 2025,"1 Yrs, 4 Months",556,NA,1.51%,10.90%,NA,3.03%,NA,NA,5.35%,11.87%,2026-08-12T16:03:01.918Z,https://pmsbazaar.com/Visitor/PMSComparison,Ionic Asset Management - Ionic Yield Enhancer Strategy,https://pmsbazaar.com/Strategy/Ionic_Yield_Enhancer_Strategy/Ionic-Asset-Management,16
Driv Drisht LLP,https://pmsbazaar.com/AMC/Driv-Drisht-LLP/PMS,Equity,25.82,S&P BSE 500 TRI,Multi Cap & Flexi Cap,382,1M,2026-06-30,Apr 2024,"2 Yrs, 2 Months",556,NA,1.51%,-7.14%,0.76%,14.18%,NA,NA,-2.27%,4.86%,2026-08-12T16:03:01.918Z,https://pmsbazaar.com/Visitor/PMSComparison,Driv Drisht LLP - Dhanvesttor Faith Fund,https://pmsbazaar.com/Strategy/Dhanvesttor_Faith_Fund/Driv-Drisht-LLP,16
Geojit Financial Services Ltd,https://pmsbazaar.com/AMC/Geojit-Financial-Services-Ltd/PMS,Equity,42.52,S&P BSE 500 TRI,Multi Cap & Flexi Cap,384,1M,2026-06-30,Mar 2019,"7 Yrs, 3 Months",556,NA,1.50%,-7.95%,-7.24%,20.41%,5.40%,6.85%,-1.17%,9.78%,2026-08-12T16:03:01.918Z,https://pmsbazaar.com/Visitor/PMSComparison,Geojit Financial Services Ltd - Dakshin Portfolio,https://pmsbazaar.com/Strategy/Dakshin_Portfolio/Geojit-Financial-Services-Ltd,16
SageOne Investment Managers LLP,https://pmsbazaar.com/AMC/SageOne-Investment-Managers-LLP/PMS,Equity,210,S&P BSE 500 TRI,Mid & Large Cap,385,1M,2026-06-30,Aug 2023,"2 Yrs, 10 Months",556,NA,1.50%,-2.80%,4.40%,15.10%,18.00%,NA,-1.60%,15.10%,2026-08-12T16:03:01.918Z,https://pmsbazaar.com/Visitor/PMSComparison,SageOne Investment Managers LLP - Large and Midcap Portfolio,https://pmsbazaar.com/Strategy/Large_and_Midcap_Portfolio/SageOne-Investment-Managers-LLP,16
Karvy Capital Ltd,https://pmsbazaar.com/AMC/Karvy-Capital-Ltd/PMS,Debt,70.51,Crisil Credit Index,Debt,386,1M,2026-06-30,Nov 2016,"9 Yrs, 7 Months",556,NA,1.49%,8.29%,9.89%,2.42%,10.36%,10.80%,5.21%,10.44%,2026-08-12T16:03:01.918Z,https://pmsbazaar.com/Visitor/PMSComparison,Karvy Capital Ltd - Excel,https://pmsbazaar.com/Strategy/Excel/Karvy-Capital-Ltd,16
Ayan Analytics Pvt Ltd,https://pmsbazaar.com/AMC/Ayan-Analytics-Pvt-Ltd/PMS,Equity,221.76,Nifty 50 TRI,Mid & Large Cap,388,1M,2026-06-30,Dec 2022,"3 Yrs, 6 Months",556,NA,1.48%,7.64%,1.59%,14.38%,12.84%,NA,4.94%,12.88%,2026-08-12T16:03:01.919Z,https://pmsbazaar.com/Visitor/PMSComparison,Ayan Analytics Pvt Ltd - PriceBridge Upswing.,https://pmsbazaar.com/Strategy/PriceBridge_Upswing/Ayan-Analytics-Pvt-Ltd,16
JM Financial Limited,https://pmsbazaar.com/AMC/JM-Financial-Limited/PMS,Equity,325.04,S&P BSE 500 TRI,Multi Cap & Flexi Cap,387,1M,2026-06-30,Oct 2012,"13 Yrs, 8 Months",556,12.84%,1.48%,-0.05%,2.57%,10.99%,14.67%,9.99%,3.47%,15.09%,2026-08-12T16:03:01.919Z,https://pmsbazaar.com/Visitor/PMSComparison,JM Financial Limited - Focus,https://pmsbazaar.com/Strategy/Focus/JM-Financial-Limited,16
ICICI Prudential AMC Ltd,https://pmsbazaar.com/AMC/ICICI-Prudential-AMC-Ltd/PMS,Equity,104.18,S&P BSE 500 TRI,Multi Cap & Flexi Cap,389,1M,2026-06-30,Oct 2014,"11 Yrs, 8 Months",556,15.28%,1.46%,2.49%,3.35%,10.30%,20.17%,20.03%,-1.87%,14.42%,2026-08-12T16:03:01.919Z,https://pmsbazaar.com/Visitor/PMSComparison,ICICI Prudential AMC Ltd - SMART Strategy,https://pmsbazaar.com/Strategy/SMART_Strategy/ICICI-Prudential-AMC-Ltd,16
Geojit Financial Services Ltd,https://pmsbazaar.com/AMC/Geojit-Financial-Services-Ltd/PMS,Equity,10.96,S&P BSE 500 TRI,Multi Cap & Flexi Cap,390,1M,2026-06-30,Jan 2022,"4 Yrs, 5 Months",556,NA,1.45%,-3.68%,-4.63%,16.18%,5.16%,NA,0.93%,5.30%,2026-08-12T16:03:01.919Z,https://pmsbazaar.com/Visitor/PMSComparison,Geojit Financial Services Ltd - Ethical Portfolio,https://pmsbazaar.com/Strategy/Ethical_Portfolio/Geojit-Financial-Services-Ltd,16
Fortuna Asset Managers LLP,https://pmsbazaar.com/AMC/Fortuna-Asset-Managers-LLP/PMS,Debt,7.85,Crisil Composite Bond Fund Index,Debt,391,1M,2026-06-30,Nov 2023,"2 Yrs, 7 Months",556,NA,1.42%,7.83%,8.73%,2.63%,NA,NA,3.92%,8.27%,2026-08-12T16:03:01.919Z,https://pmsbazaar.com/Visitor/PMSComparison,Fortuna Asset Managers LLP - Inflation Protect Approach,https://pmsbazaar.com/Strategy/Inflation_Protect_Approach/Fortuna-Asset-Managers-LLP,16
Merisis Advisors Private Limited,https://pmsbazaar.com/AMC/Merisis-Advisors-Private-Limited/PMS,Equity,4.55,Nifty 50 TRI,Multi Cap & Flexi Cap,393,1M,2026-06-30,Feb 2020,"6 Yrs, 4 Months",556,NA,1.39%,2.41%,0.12%,17.06%,9.38%,8.50%,4.70%,15.56%,2026-08-12T16:03:01.919Z,https://pmsbazaar.com/Visitor/PMSComparison,Merisis Advisors Private Limited - Multicap Portfolio.,https://pmsbazaar.com/Strategy/Multicap_Portfolio/Merisis-Advisors-Private-Limited,16
Capitalmind Financial Services,https://pmsbazaar.com/AMC/Capitalmind-Financial-Services/PMS,Equity,239.71,Nifty 50 TRI,Multi Cap & Flexi Cap,392,1M,2026-06-30,Mar 2019,"7 Yrs, 3 Months",556,NA,1.39%,-3.88%,-8.87%,15.23%,10.76%,8.61%,1.43%,17.31%,2026-08-12T16:03:01.919Z,https://pmsbazaar.com/Visitor/PMSComparison,Capitalmind Financial Services - Adaptive  Momentum,https://pmsbazaar.com/Strategy/Adaptive__Momentum/Capitalmind-Financial-Services,16
Renaissance Investment Managers Pvt Ltd,https://pmsbazaar.com/AMC/Renaissance-Investment-Managers-Pvt-Ltd/PMS,Equity,889.63,S&P BSE 500 TRI,Multi Cap & Flexi Cap,394,1M,2026-06-30,Apr 2018,"8 Yrs, 2 Months",556,NA,1.37%,-10.28%,-0.65%,10.08%,11.76%,17.01%,-8.92%,13.15%,2026-08-12T16:03:01.920Z,https://pmsbazaar.com/Visitor/PMSComparison,Renaissance Investment Managers Pvt Ltd - Indianext Portfolio,https://pmsbazaar.com/Strategy/Indianext_Portfolio/Renaissance-Investment-Managers-Pvt-Ltd,16
Omniscience Capital Advisors Private Limited,https://pmsbazaar.com/AMC/Omniscience-Capital-Advisors-Private-Limited/PMS,Equity,0.02,S&P BSE 500 TRI,Thematic,395,1M,2026-06-30,Nov 2025,"0 Yrs, 7 Months",556,NA,1.36%,NA,NA,22.93%,NA,NA,3.80%,-0.08%,2026-08-12T16:03:01.920Z,https://pmsbazaar.com/Visitor/PMSComparison,Omniscience Capital Advisors Private Limited - Omni Strategic Defence,https://pmsbazaar.com/Strategy/Omni_Strategic_Defence/Omniscience-Capital-Advisors-Private-Limited,16
Ambit Global Private Client,https://pmsbazaar.com/AMC/Ambit-Global-Private-Client/PMS,Debt,136.55,Crisil Composite Bond Fund Index,Debt,396,1M,2026-06-30,Dec 2024,"1 Yrs, 6 Months",556,NA,1.35%,11.02%,NA,2.98%,NA,NA,4.73%,12.82%,2026-08-12T16:03:01.920Z,https://pmsbazaar.com/Visitor/PMSComparison,Ambit Global Private Client - Anchor,https://pmsbazaar.com/Strategy/Anchor/Ambit-Global-Private-Client,16
Renaissance Investment Managers Pvt Ltd,https://pmsbazaar.com/AMC/Renaissance-Investment-Managers-Pvt-Ltd/PMS,Equity,115.29,Nifty 50 TRI,Mid Cap,397,1M,2026-06-30,Jan 2018,"8 Yrs, 5 Months",556,NA,1.34%,-10.48%,-4.29%,14.32%,8.46%,12.89%,-8.02%,10.46%,2026-08-12T16:03:01.920Z,https://pmsbazaar.com/Visitor/PMSComparison,Renaissance Investment Managers Pvt Ltd - Midcap Portfolio,https://pmsbazaar.com/Strategy/Midcap_Portfolio/Renaissance-Investment-Managers-Pvt-Ltd,16
Indniveza Distributors Private Limited,https://pmsbazaar.com/AMC/Indniveza-Distributors-Private-Limited/PMS,Multiasset,7.10,S&P BSE 500 TRI,Multi Asset,399,1M,2026-06-30,Nov 2025,"0 Yrs, 7 Months",556,NA,1.33%,NA,NA,9.33%,NA,NA,1.83%,2.13%,2026-08-12T16:03:01.920Z,https://pmsbazaar.com/Visitor/PMSComparison,Indniveza Distributors Private Limited - Wealthy Nivesh MultiAsset,https://pmsbazaar.com/Strategy/Wealthy_Nivesh_MultiAsset/Indniveza-Distributors-Private-Limited,16
Dezerv Investments Private Limited,https://pmsbazaar.com/AMC/Dezerv-Investments-Private-Limited/PMS,Debt,1587.21,Crisil Composite Bond Fund Index,Debt,398,1M,2026-06-30,Apr 2023,"3 Yrs, 2 Months",556,NA,1.33%,11.68%,12.34%,2.96%,11.80%,NA,4.94%,11.08%,2026-08-12T16:03:01.920Z,https://pmsbazaar.com/Visitor/PMSComparison,Dezerv Investments Private Limited - Dynamic Debt Plus Strategy,https://pmsbazaar.com/Strategy/Dynamic_Debt_Plus_Strategy/Dezerv-Investments-Private-Limited,16
BugleRock Capital Pvt Ltd,https://pmsbazaar.com/AMC/BugleRock-Capital-Pvt-Ltd/PMS,Equity,2.61,S&P BSE 500 TRI,Thematic,400,1M,2026-06-30,Nov 2022,"3 Yrs, 7 Months",556,NA,1.27%,-1.74%,-4.03%,13.04%,7.47%,NA,1.47%,8.44%,2026-08-12T16:03:01.920Z,https://pmsbazaar.com/Visitor/PMSComparison,BugleRock Capital Pvt Ltd - Growth Opportunities Portfolio.,https://pmsbazaar.com/Strategy/Growth_Opportunities_Portfolio/BugleRock-Capital-Pvt-Ltd,16
Sundaram Alternate Assets Ltd,https://pmsbazaar.com/AMC/Sundaram-Alternate-Assets-Ltd/PMS,Debt,13.55,Crisil Composite Bond Fund Index,Debt,401,1M,2026-06-30,Jul 2024,"1 Yrs, 11 Months",556,NA,1.26%,8.22%,NA,2.44%,NA,NA,3.86%,8.97%,2026-08-12T16:03:02.659Z,https://pmsbazaar.com/Visitor/PMSComparison,Sundaram Alternate Assets Ltd - FIRST Conservative Strategy,https://pmsbazaar.com/Strategy/FIRST_Conservative_Strategy/Sundaram-Alternate-Assets-Ltd,17
Ambit Global Private Client,https://pmsbazaar.com/AMC/Ambit-Global-Private-Client/PMS,Debt,784.88,Crisil Composite Bond Fund Index,Debt,402,1M,2026-06-30,Jan 2025,"1 Yrs, 5 Months",556,NA,1.26%,21.60%,NA,5.08%,NA,NA,7.75%,16.50%,2026-08-12T16:03:02.659Z,https://pmsbazaar.com/Visitor/PMSComparison,Ambit Global Private Client - IRIS,https://pmsbazaar.com/Strategy/IRIS/Ambit-Global-Private-Client,17
Moat Financial Services Pvt Ltd,https://pmsbazaar.com/AMC/Moat-Financial-Services-Pvt-Ltd/PMS,Equity,56.69,S&P BSE 500 TRI,Multi Cap & Flexi Cap,403,1M,2026-06-30,Sep 2022,"3 Yrs, 9 Months",556,NA,1.24%,-8.26%,-4.13%,15.43%,11.29%,NA,-0.46%,11.96%,2026-08-12T16:03:02.659Z,https://pmsbazaar.com/Visitor/PMSComparison,Moat Financial Services Pvt Ltd - Emerging Moat,https://pmsbazaar.com/Strategy/Emerging_Moat/Moat-Financial-Services-Pvt-Ltd,17
Northern Arc Investment Managers Pvt Ltd,https://pmsbazaar.com/AMC/Northern-Arc-Investment-Managers-Pvt-Ltd/PMS,Debt,UNDISC.,Crisil Credit Index,Debt,404,1M,2026-06-30,Feb 2024,"2 Yrs, 4 Months",556,NA,1.23%,12.24%,12.55%,2.75%,NA,NA,5.08%,11.71%,2026-08-12T16:03:02.659Z,https://pmsbazaar.com/Visitor/PMSComparison,Northern Arc Investment Managers Pvt Ltd - Credit Opportunities Strategy,https://pmsbazaar.com/Strategy/Credit_Opportunities_Strategy/Northern-Arc-Investment-Managers-Pvt-Ltd,17
Dezerv Investments Private Limited,https://pmsbazaar.com/AMC/Dezerv-Investments-Private-Limited/PMS,Debt,274.49,Crisil Composite Bond Fund Index,Debt,405,1M,2026-06-30,Apr 2023,"3 Yrs, 2 Months",556,NA,1.21%,10.17%,10.78%,2.46%,10.39%,NA,4.68%,10.07%,2026-08-12T16:03:02.659Z,https://pmsbazaar.com/Visitor/PMSComparison,Dezerv Investments Private Limited - Dynamic Debt Strategy,https://pmsbazaar.com/Strategy/Dynamic_Debt_Strategy/Dezerv-Investments-Private-Limited,17
Eklavya Capital Advisors LLP,https://pmsbazaar.com/AMC/Eklavya-Capital-Advisors-LLP/PMS,Multiasset,13.49,NSE Multi Asset Index 2,Multi Asset,406,1M,2026-06-30,Dec 2016,"9 Yrs, 6 Months",556,NA,1.20%,-1.14%,6.25%,10.24%,7.92%,7.21%,-1.52%,8.54%,2026-08-12T16:03:02.659Z,https://pmsbazaar.com/Visitor/PMSComparison,Eklavya Capital Advisors LLP - Long Term Value,https://pmsbazaar.com/Strategy/Long_Term_Value/Eklavya-Capital-Advisors-LLP,17
ithought Financial Consulting LLP,https://pmsbazaar.com/AMC/ithought-Financial-Consulting-LLP/PMS,Equity,87.62,Nifty 50 TRI,Large Cap,407,1M,2026-06-30,Mar 2021,"5 Yrs, 3 Months",556,NA,1.19%,-7.45%,2.18%,7.14%,7.65%,9.34%,-10.23%,9.29%,2026-08-12T16:03:02.660Z,https://pmsbazaar.com/Visitor/PMSComparison,ithought Financial Consulting LLP - TRUBLU,https://pmsbazaar.com/Strategy/TRUBLU/ithought-Financial-Consulting-LLP,17
Monarch Networth Capital,https://pmsbazaar.com/AMC/Monarch-Networth-Capital/PMS,Equity,260.63,S&P BSE 500 TRI,Multi Cap & Flexi Cap,408,1M,2026-06-30,Dec 2025,"0 Yrs, 6 Months",556,NA,1.15%,NA,NA,22.07%,NA,NA,11.78%,12.35%,2026-08-12T16:03:02.660Z,https://pmsbazaar.com/Visitor/PMSComparison,Monarch Networth Capital - Wealth Creator Fund,https://pmsbazaar.com/Strategy/Wealth_Creator_Fund/Monarch-Networth-Capital,17
Vansh Capital Private Limited,https://pmsbazaar.com/AMC/Vansh-Capital-Private-Limited/PMS,Equity,11.24,Nifty 50 TRI,Multi Cap & Flexi Cap,409,1M,2026-06-30,Feb 2026,"0 Yrs, 4 Months",556,NA,1.14%,NA,NA,11.97%,NA,NA,NA,2.85%,2026-08-12T16:03:02.660Z,https://pmsbazaar.com/Visitor/PMSComparison,Vansh Capital Private Limited - Equity Multi Cap Approach,https://pmsbazaar.com/Strategy/Equity_Multi_Cap_Approach/Vansh-Capital-Private-Limited,17
Agreya Capital Advisors LLP,https://pmsbazaar.com/AMC/Agreya-Capital-Advisors-LLP/PMS,Multiasset,75.38,NSE Multi Asset Index 1,Multi Asset,411,1M,2026-06-30,Jun 2019,"7 Yrs, 0 Months",556,NA,1.14%,3.57%,7.41%,4.03%,10.34%,10.81%,-1.33%,14.36%,2026-08-12T16:03:02.661Z,https://pmsbazaar.com/Visitor/PMSComparison,Agreya Capital Advisors LLP - Multi-Asset Enhancer,https://pmsbazaar.com/Strategy/Multi-Asset_Enhancer/Agreya-Capital-Advisors-LLP,17
Sundaram Alternate Assets Ltd,https://pmsbazaar.com/AMC/Sundaram-Alternate-Assets-Ltd/PMS,Debt,88.19,Crisil Composite Bond Fund Index,Debt,410,1M,2026-06-30,Jun 2024,"2 Yrs, 0 Months",556,NA,1.14%,8.94%,NA,2.49%,NA,NA,4.15%,9.81%,2026-08-12T16:03:02.661Z,https://pmsbazaar.com/Visitor/PMSComparison,Sundaram Alternate Assets Ltd - FIRST Moderate Strategy,https://pmsbazaar.com/Strategy/FIRST_Moderate_Strategy/Sundaram-Alternate-Assets-Ltd,17
Agreya Capital Advisors LLP,https://pmsbazaar.com/AMC/Agreya-Capital-Advisors-LLP/PMS,Equity,322.77,S&P BSE 500 TRI,Multi Cap & Flexi Cap,412,1M,2026-06-30,Sep 2018,"7 Yrs, 9 Months",556,NA,1.12%,17.14%,11.35%,29.65%,19.43%,15.18%,12.36%,20.69%,2026-08-12T16:03:02.661Z,https://pmsbazaar.com/Visitor/PMSComparison,Agreya Capital Advisors LLP - Total Return,https://pmsbazaar.com/Strategy/Total_Return/Agreya-Capital-Advisors-LLP,17
Sundaram Alternate Assets Ltd,https://pmsbazaar.com/AMC/Sundaram-Alternate-Assets-Ltd/PMS,Debt,70.96,Crisil Composite Bond Fund Index,Debt,413,1M,2026-06-30,May 2024,"2 Yrs, 1 Months",556,NA,1.11%,9.09%,NA,2.47%,NA,NA,4.38%,10.63%,2026-08-12T16:03:02.661Z,https://pmsbazaar.com/Visitor/PMSComparison,Sundaram Alternate Assets Ltd - FIRST Aggressive Strategy,https://pmsbazaar.com/Strategy/FIRST_Aggressive_Strategy/Sundaram-Alternate-Assets-Ltd,17
Shree Rama Managers LLP,https://pmsbazaar.com/AMC/Shree-Rama-Managers-LLP/PMS,Multiasset,26.38,NSE Multi Asset Index 2,Multi Asset,414,1M,2026-06-30,Apr 2022,"4 Yrs, 2 Months",556,NA,1.11%,1.70%,4.76%,11.76%,13.68%,NA,-0.40%,12.04%,2026-08-12T16:03:02.662Z,https://pmsbazaar.com/Visitor/PMSComparison,Shree Rama Managers LLP - Wealth Builder Plan,https://pmsbazaar.com/Strategy/Wealth_Builder_Plan/Shree-Rama-Managers-LLP,17
Turtle Wealth Management Pvt Ltd,https://pmsbazaar.com/AMC/Turtle-Wealth-Management-Pvt-Ltd/PMS,Equity,260.94,S&P BSE 500 TRI,Multi Cap & Flexi Cap,415,1M,2026-06-30,Sep 2019,"6 Yrs, 9 Months",556,NA,1.10%,17.05%,8.13%,13.17%,22.97%,17.26%,3.01%,16.98%,2026-08-12T16:03:02.662Z,https://pmsbazaar.com/Visitor/PMSComparison,Turtle Wealth Management Pvt Ltd - Wealth Mantra,https://pmsbazaar.com/Strategy/Wealth_Mantra/Turtle-Wealth-Management-Pvt-Ltd,17
Ambit Investment Advisors Pvt Ltd,https://pmsbazaar.com/AMC/Ambit-Investment-Advisors-Pvt-Ltd/PMS,Equity,1127.18,Nifty 50 TRI,Large Cap,416,1M,2026-06-30,Jun 2017,"9 Yrs, 0 Months",556,NA,1.09%,-6.08%,3.22%,8.95%,8.30%,8.07%,-5.25%,12.76%,2026-08-12T16:03:02.662Z,https://pmsbazaar.com/Visitor/PMSComparison,Ambit Investment Advisors Pvt Ltd - Ambit Coffee Can Portfolio,https://pmsbazaar.com/Strategy/Ambit_Coffee_Can_Portfolio/Ambit-Investment-Advisors-Pvt-Ltd,17
ICICI Prudential AMC Ltd,https://pmsbazaar.com/AMC/ICICI-Prudential-AMC-Ltd/PMS,Equity,174.01,S&P BSE 500 TRI,Small & Mid Cap,417,1M,2026-06-30,Feb 2024,"2 Yrs, 4 Months",556,NA,1.09%,7.81%,5.44%,12.86%,NA,NA,1.97%,9.46%,2026-08-12T16:03:02.662Z,https://pmsbazaar.com/Visitor/PMSComparison,ICICI Prudential AMC Ltd - Emerging Leaders Strategy,https://pmsbazaar.com/Strategy/Emerging_Leaders_Strategy/ICICI-Prudential-AMC-Ltd,17
NJ Asset Management Pvt Ltd,https://pmsbazaar.com/AMC/NJ-Asset-Management-Pvt-Ltd/PMS,Equity,307.86,Nifty 50 TRI,ETF,418,1M,2026-06-30,Mar 2018,"8 Yrs, 3 Months",556,NA,1.07%,-0.35%,1.47%,13.08%,12.18%,10.31%,-2.14%,10.69%,2026-08-12T16:03:02.663Z,https://pmsbazaar.com/Visitor/PMSComparison,NJ Asset Management Pvt Ltd - Freedom ETF,https://pmsbazaar.com/Strategy/Freedom_ETF/NJ-Asset-Management-Pvt-Ltd,17
Agreya Capital Advisors LLP,https://pmsbazaar.com/AMC/Agreya-Capital-Advisors-LLP/PMS,Equity,96.39,S&P BSE 500 TRI,Multi Cap & Flexi Cap,420,1M,2026-06-30,Feb 2021,"5 Yrs, 4 Months",556,NA,1.05%,7.88%,8.17%,24.75%,17.63%,15.22%,6.48%,15.91%,2026-08-12T16:03:02.663Z,https://pmsbazaar.com/Visitor/PMSComparison,Agreya Capital Advisors LLP - Total Return Enhancer,https://pmsbazaar.com/Strategy/Total_Return_Enhancer/Agreya-Capital-Advisors-LLP,17
Maxiom Asset Management Pvt Ltd,https://pmsbazaar.com/AMC/Maxiom-Asset-Management-Pvt-Ltd/PMS,Equity,2.22,Nifty 50 TRI,Multi Cap & Flexi Cap,419,1M,2026-06-30,Jun 2025,"1 Yrs, 0 Months",556,NA,1.05%,-3.93%,NA,11.06%,NA,NA,-4.57%,-2.64%,2026-08-12T16:03:02.663Z,https://pmsbazaar.com/Visitor/PMSComparison,Maxiom Asset Management Pvt Ltd - CORAL Cyclical-,https://pmsbazaar.com/Strategy/Maxiom_PMS_-_CORAL_Cyclical/Maxiom-Asset-Management-Pvt-Ltd,17
Bonanza Portfolio Limited,https://pmsbazaar.com/AMC/Bonanza-Portfolio-Limited/PMS,Equity,31.26,Nifty 50 TRI,Multi Cap & Flexi Cap,421,1M,2026-06-30,Sep 2011,"14 Yrs, 9 Months",556,13.03%,1.05%,4.35%,-3.14%,16.70%,17.32%,12.96%,13.37%,18.65%,2026-08-12T16:03:02.663Z,https://pmsbazaar.com/Visitor/PMSComparison,Bonanza Portfolio Limited - Value,https://pmsbazaar.com/Strategy/Value/Bonanza-Portfolio-Limited,17
Dezerv Investments Private Limited,https://pmsbazaar.com/AMC/Dezerv-Investments-Private-Limited/PMS,Debt,286.13,Crisil Composite Bond Fund Index,Debt,422,1M,2026-06-30,Nov 2024,"1 Yrs, 7 Months",556,NA,1.02%,7.26%,NA,2.07%,NA,NA,3.81%,8.25%,2026-08-12T16:03:02.663Z,https://pmsbazaar.com/Visitor/PMSComparison,Dezerv Investments Private Limited - Corporate Surplus Management Strategy,https://pmsbazaar.com/Strategy/Corporate_Surplus_Management_Strategy/Dezerv-Investments-Private-Limited,17
Sykes and Ray Equities India Ltd,https://pmsbazaar.com/AMC/Sykes-and-Ray-Equities-India-Ltd/PMS,Equity,32.94,Nifty 50 TRI,Mid & Large Cap,424,1M,2026-06-30,May 2018,"8 Yrs, 1 Months",556,NA,1.01%,0.03%,-0.32%,14.09%,8.97%,8.43%,-0.61%,9.46%,2026-08-12T16:03:02.663Z,https://pmsbazaar.com/Visitor/PMSComparison,Sykes and Ray Equities India Ltd - SRE Shield,https://pmsbazaar.com/Strategy/SRE_Shield/Sykes-and-Ray-Equities-India-Ltd,17
ICICI Prudential AMC Ltd,https://pmsbazaar.com/AMC/ICICI-Prudential-AMC-Ltd/PMS,Equity,13837.43,S&P BSE 500 TRI,Multi Cap & Flexi Cap,423,1M,2026-06-30,Sep 2018,"7 Yrs, 9 Months",556,NA,1.01%,2.04%,2.76%,10.73%,16.61%,17.47%,-1.44%,18.02%,2026-08-12T16:03:02.664Z,https://pmsbazaar.com/Visitor/PMSComparison,ICICI Prudential AMC Ltd - Contra Strategy,https://pmsbazaar.com/Strategy/Contra_Strategy/ICICI-Prudential-AMC-Ltd,17
Pace Financial Investment Adviser Pvt Ltd,https://pmsbazaar.com/AMC/Pace-Financial-Investment-Adviser-Pvt-Ltd/PMS,Multiasset,126.17,NSE Multi Asset Index 1,Multi Asset,425,1M,2026-06-30,Dec 2020,"5 Yrs, 6 Months",556,NA,0.96%,21.27%,12.25%,6.35%,16.63%,15.58%,5.84%,15.03%,2026-08-12T16:03:02.664Z,https://pmsbazaar.com/Visitor/PMSComparison,Pace Financial Investment Adviser Pvt Ltd - Tresor Flexi,https://pmsbazaar.com/Strategy/Tresor_Flexi/Pace-Financial-Investment-Adviser-Pvt-Ltd,17
Bonanza Portfolio Limited,https://pmsbazaar.com/AMC/Bonanza-Portfolio-Limited/PMS,Equity,104.82,Nifty 50 TRI,Multi Cap & Flexi Cap,426,1M,2026-06-30,May 2022,"4 Yrs, 1 Months",556,NA,0.95%,9.28%,4.85%,19.20%,20.86%,NA,17.33%,22.44%,2026-08-12T16:03:03.370Z,https://pmsbazaar.com/Visitor/PMSComparison,Bonanza Portfolio Limited - Aegis.,https://pmsbazaar.com/Strategy/Aegis/Bonanza-Portfolio-Limited,18
ASK Investment Managers Ltd,https://pmsbazaar.com/AMC/ASK-Investment-Managers-Ltd/PMS,Equity,493,S&P BSE 500 TRI,Multi Cap & Flexi Cap,427,1M,2026-06-30,Jun 2018,"8 Yrs, 0 Months",556,NA,0.90%,-2.07%,-2.62%,8.94%,7.89%,8.41%,-5.75%,10.60%,2026-08-12T16:03:03.371Z,https://pmsbazaar.com/Visitor/PMSComparison,ASK Investment Managers Ltd - ASK Domestic Resurgence Portfolio,https://pmsbazaar.com/Strategy/ASK_Domestic_Resurgence_Portfolio/ASK-Investment-Managers-Ltd,18
Neo Alternative Asset Managers Pvt Ltd ,https://pmsbazaar.com/AMC/Neo-Alternative-Asset-Managers-Pvt-Ltd-/PMS,Debt,1571.65,Nifty Medium to Long Duration Debt Index,Debt,428,1M,2026-06-30,Jan 2024,"2 Yrs, 5 Months",556,NA,0.90%,10.95%,11.37%,2.44%,NA,NA,5.09%,11.36%,2026-08-12T16:03:03.371Z,https://pmsbazaar.com/Visitor/PMSComparison,Neo Alternative Asset Managers Pvt Ltd  - Yield Enhancer.,https://pmsbazaar.com/Strategy/Neo_Yield_Enhancer/Neo-Alternative-Asset-Managers-Pvt-Ltd-,18
Green Lantern Capital LLP,https://pmsbazaar.com/AMC/Green-Lantern-Capital-LLP/PMS,Equity,63.33,S&P BSE 500 TRI,Mid & Large Cap,429,1M,2026-06-30,Feb 2020,"6 Yrs, 4 Months",556,NA,0.89%,13.71%,8.44%,18.60%,28.96%,24.82%,10.94%,30.93%,2026-08-12T16:03:03.371Z,https://pmsbazaar.com/Visitor/PMSComparison,Green Lantern Capital LLP - Alpha Fund,https://pmsbazaar.com/Strategy/Alpha_Fund/Green-Lantern-Capital-LLP,18
Renaissance Investment Managers Pvt Ltd,https://pmsbazaar.com/AMC/Renaissance-Investment-Managers-Pvt-Ltd/PMS,Equity,576.94,Nifty 50 TRI,Large Cap,430,1M,2026-06-30,Jan 2018,"8 Yrs, 5 Months",556,NA,0.88%,-8.56%,-1.38%,7.55%,9.11%,13.27%,-8.65%,11.08%,2026-08-12T16:03:03.371Z,https://pmsbazaar.com/Visitor/PMSComparison,Renaissance Investment Managers Pvt Ltd - Opportunities Portfolio,https://pmsbazaar.com/Strategy/Opportunities_Portfolio/Renaissance-Investment-Managers-Pvt-Ltd,18
Estee Advisors Pvt Ltd,https://pmsbazaar.com/AMC/Estee-Advisors-Pvt-Ltd/PMS,Debt,257,Nifty 50 Arbitrage Index,Arbitrage,432,1M,2026-06-30,Sep 2009,"16 Yrs, 9 Months",556,9.45%,0.87%,7.90%,9.36%,2.08%,10.70%,9.06%,3.90%,10.46%,2026-08-12T16:03:03.371Z,https://pmsbazaar.com/Visitor/PMSComparison,Estee Advisors Pvt Ltd - I Alpha,https://pmsbazaar.com/Strategy/I_Alpha/Estee-Advisors-Pvt-Ltd,18
Right Horizons,https://pmsbazaar.com/AMC/Right-Horizons/PMS,Multiasset,42.17,NSE Multi Asset Index 2,Multi Asset,431,1M,2026-06-30,Nov 2019,"6 Yrs, 7 Months",556,NA,0.87%,6.60%,6.94%,12.85%,13.88%,12.25%,1.75%,14.34%,2026-08-12T16:03:03.372Z,https://pmsbazaar.com/Visitor/PMSComparison,Right Horizons - All Seasons.,https://pmsbazaar.com/Strategy/All_Seasons/Right-Horizons,18
PrimeInvestor Financial Research Private Limited,https://pmsbazaar.com/AMC/PrimeInvestor-Financial-Research-Private-Limited/PMS,Hybrid,26.51,Nifty 50 Hybrid Composite Debt 50:50 index,Hybrid,434,1M,2026-06-30,Jan 2026,"0 Yrs, 5 Months",556,NA,0.86%,NA,NA,7.61%,NA,NA,NA,1.80%,2026-08-12T16:03:03.372Z,https://pmsbazaar.com/Visitor/PMSComparison,PrimeInvestor Financial Research Private Limited - Prime Synergy,https://pmsbazaar.com/Strategy/Prime_Synergy/PrimeInvestor-Financial-Research-Private-Limited,18
Acepro Advisors Pvt Ltd,https://pmsbazaar.com/AMC/Acepro-Advisors-Pvt-Ltd/PMS,Equity,0.38,Nifty 50 TRI,Multi Cap & Flexi Cap,433,1M,2026-06-30,Jul 2018,"7 Yrs, 11 Months",556,NA,0.86%,-1.08%,-1.95%,2.59%,3.57%,3.36%,-1.63%,3.52%,2026-08-12T16:03:03.372Z,https://pmsbazaar.com/Visitor/PMSComparison,Acepro Advisors Pvt Ltd - Galaxy Strategy,https://pmsbazaar.com/Strategy/Galaxy_Strategy/Acepro-Advisors-Pvt-Ltd,18
Ametra Investment Managers Private Limited,https://pmsbazaar.com/AMC/Ametra-Investment-Managers-Private-Limited/PMS,Multiasset,5.86,NSE Multi Asset Index 2,Multi Asset,435,1M,2026-06-30,Jul 2025,"0 Yrs, 11 Months",556,NA,0.83%,NA,NA,1.91%,NA,NA,2.49%,5.56%,2026-08-12T16:03:03.372Z,https://pmsbazaar.com/Visitor/PMSComparison,Ametra Investment Managers Private Limited - Ametra FactorCapro,https://pmsbazaar.com/Strategy/Ametra_FactorCapro/Ametra-Investment-Managers-Private-Limited,18
JM Financial Limited,https://pmsbazaar.com/AMC/JM-Financial-Limited/PMS,Equity,85.14,Nifty 50 TRI,Large Cap,436,1M,2026-06-30,Mar 2005,"21 Yrs, 3 Months",556,12.47%,0.81%,-1.99%,0.77%,9.77%,13.11%,8.68%,-0.04%,13.39%,2026-08-12T16:03:03.372Z,https://pmsbazaar.com/Visitor/PMSComparison,JM Financial Limited - Growth and Value,https://pmsbazaar.com/Strategy/Growth_and_Value/JM-Financial-Limited,18
PrimeInvestor Financial Research Private Limited,https://pmsbazaar.com/AMC/PrimeInvestor-Financial-Research-Private-Limited/PMS,Hybrid,13.27,Nifty 50 Hybrid Composite Debt 50:50 index,Hybrid,438,1M,2026-06-30,Dec 2025,"0 Yrs, 6 Months",556,NA,0.79%,NA,NA,5.77%,NA,NA,2.46%,2.23%,2026-08-12T16:03:03.372Z,https://pmsbazaar.com/Visitor/PMSComparison,PrimeInvestor Financial Research Private Limited - Prime Vision Ultra,https://pmsbazaar.com/Strategy/Prime_Vision_Ultra/PrimeInvestor-Financial-Research-Private-Limited,18
ASK Investment Managers Ltd,https://pmsbazaar.com/AMC/ASK-Investment-Managers-Ltd/PMS,Equity,56,S&P BSE 500 TRI,Multi Cap & Flexi Cap,437,1M,2026-06-30,Nov 2019,"6 Yrs, 7 Months",556,NA,0.79%,-2.84%,-4.37%,8.91%,4.73%,5.37%,-6.05%,8.88%,2026-08-12T16:03:03.372Z,https://pmsbazaar.com/Visitor/PMSComparison,ASK Investment Managers Ltd - ASK  India Vision Portfolio,https://pmsbazaar.com/Strategy/ASK__India_Vision_Portfolio/ASK-Investment-Managers-Ltd,18
Magadh Capital Advisors LLP,https://pmsbazaar.com/AMC/Magadh-Capital-Advisors-LLP/PMS,Equity,82.74,S&P BSE 500 TRI,Small & Mid Cap,439,1M,2026-06-30,Aug 2021,"4 Yrs, 10 Months",556,NA,0.78%,9.47%,9.43%,17.69%,26.39%,NA,7.35%,21.04%,2026-08-12T16:03:03.373Z,https://pmsbazaar.com/Visitor/PMSComparison,Magadh Capital Advisors LLP - Future Stars,https://pmsbazaar.com/Strategy/Future_Stars/Magadh-Capital-Advisors-LLP,18
InCred Asset Management,https://pmsbazaar.com/AMC/InCred-Asset-Management/PMS,Equity,149.30,S&P BSE 500 TRI,Thematic,440,1M,2026-06-30,Jul 2023,"2 Yrs, 11 Months",556,NA,0.76%,7.36%,28.75%,23.88%,NA,NA,-4.85%,36.44%,2026-08-12T16:03:03.373Z,https://pmsbazaar.com/Visitor/PMSComparison,InCred Asset Management - Focused Healthcare Portfolio,https://pmsbazaar.com/Strategy/Focused_Healthcare_Portfolio/InCred-Asset-Management,18
Citrus Advisors Pvt Ltd,https://pmsbazaar.com/AMC/Citrus-Advisors-Pvt-Ltd/PMS,Equity,2.28,Nifty 50 TRI,Multi Cap & Flexi Cap,441,1M,2026-06-30,May 2024,"2 Yrs, 1 Months",556,NA,0.74%,-4.87%,-1.90%,10.29%,NA,NA,-4.65%,0.84%,2026-08-12T16:03:03.373Z,https://pmsbazaar.com/Visitor/PMSComparison,Citrus Advisors Pvt Ltd - Index plus Fund,https://pmsbazaar.com/Strategy/Index_plus_Fund/Citrus-Advisors-Pvt-Ltd,18
Shree Rama Managers LLP,https://pmsbazaar.com/AMC/Shree-Rama-Managers-LLP/PMS,Equity,49.98,Nifty 50 TRI,Multi Cap & Flexi Cap,442,1M,2026-06-30,Jan 2025,"1 Yrs, 5 Months",556,NA,0.69%,0.60%,NA,12.93%,NA,NA,-0.81%,6.51%,2026-08-12T16:03:03.373Z,https://pmsbazaar.com/Visitor/PMSComparison,Shree Rama Managers LLP - Smart Market Plan-,https://pmsbazaar.com/Strategy/Smart_Market_Plan/Shree-Rama-Managers-LLP,18
Shepherd's Hill Financial Advisors LLP,https://pmsbazaar.com/AMC/Shepherd's-Hill-Financial-Advisors-LLP/PMS,Equity,119.48,S&P BSE 500 TRI,Multi Cap & Flexi Cap,443,1M,2026-06-30,Jul 2015,"10 Yrs, 11 Months",556,15.49%,0.67%,3.80%,9.06%,11.04%,22.60%,18.91%,2.74%,16.59%,2026-08-12T16:03:03.373Z,https://pmsbazaar.com/Visitor/PMSComparison,Shepherd's Hill Financial Advisors LLP - Value Magno,https://pmsbazaar.com/Strategy/Value_Magno/Shepherd's-Hill-Financial-Advisors-LLP,18
Pace Financial Investment Adviser Pvt Ltd,https://pmsbazaar.com/AMC/Pace-Financial-Investment-Adviser-Pvt-Ltd/PMS,Multiasset,1.43,NSE Multi Asset Index 1,Multi Asset,444,1M,2026-06-30,Jul 2024,"1 Yrs, 11 Months",556,NA,0.64%,11.95%,NA,6.88%,NA,NA,4.29%,9.36%,2026-08-12T16:03:03.374Z,https://pmsbazaar.com/Visitor/PMSComparison,Pace Financial Investment Adviser Pvt Ltd - Smart Alpha,https://pmsbazaar.com/Strategy/Smart_Alpha/Pace-Financial-Investment-Adviser-Pvt-Ltd,18
ICICI Securities Ltd,https://pmsbazaar.com/AMC/ICICI-Securities-Ltd/PMS,Equity,349.55,Nifty 50 TRI,Multi Cap & Flexi Cap,445,1M,2026-06-30,Nov 2022,"3 Yrs, 7 Months",556,NA,0.63%,0.57%,3.98%,9.52%,15.68%,NA,-3.72%,15.37%,2026-08-12T16:03:03.374Z,https://pmsbazaar.com/Visitor/PMSComparison,ICICI Securities Ltd - Sterling Aggressive Portfolio.,https://pmsbazaar.com/Strategy/Sterling_Aggressive_Portfolio/ICICI-Securities-Ltd,18
Kotak Mahindra Asset Management Company Ltd,https://pmsbazaar.com/AMC/Kotak-Mahindra-Asset-Management-Company-Ltd/PMS,Multiasset,64.25,NSE Multi Asset Index 1,Multi Asset,447,1M,2026-06-30,Jun 2022,"4 Yrs, 0 Months",556,NA,0.62%,11.31%,9.85%,9.99%,15.54%,NA,0.45%,15.24%,2026-08-12T16:03:03.374Z,https://pmsbazaar.com/Visitor/PMSComparison,Kotak Mahindra Asset Management Company Ltd - Kotak Pioneer Model Strategy Aggressive,https://pmsbazaar.com/Strategy/Kotak_Pioneer_Model_Strategy_Aggressive/Kotak-Mahindra-Asset-Management-Company-Ltd,18
Right Horizons,https://pmsbazaar.com/AMC/Right-Horizons/PMS,Equity,6.89,Nifty 50 TRI,Large Cap,446,1M,2026-06-30,Mar 2023,"3 Yrs, 3 Months",556,NA,0.62%,-0.92%,3.02%,12.26%,14.88%,NA,-3.32%,18.82%,2026-08-12T16:03:03.374Z,https://pmsbazaar.com/Visitor/PMSComparison,Right Horizons - Alphabots India 100-,https://pmsbazaar.com/Strategy/Alphabots_India_100/Right-Horizons,18
ICICI Prudential AMC Ltd,https://pmsbazaar.com/AMC/ICICI-Prudential-AMC-Ltd/PMS,Equity,38.05,S&P BSE 500 TRI,Multi Cap & Flexi Cap,448,1M,2026-06-30,Feb 2024,"2 Yrs, 4 Months",556,NA,0.59%,-0.71%,-1.10%,8.99%,NA,NA,-4.14%,4.62%,2026-08-12T16:03:03.374Z,https://pmsbazaar.com/Visitor/PMSComparison,ICICI Prudential AMC Ltd - Quanti-FI Strategy.,https://pmsbazaar.com/Strategy/Quanti-FI_Strategy/ICICI-Prudential-AMC-Ltd,18
Grey Sky Capital Private Limited,https://pmsbazaar.com/AMC/Grey-Sky-Capital-Private-Limited/PMS,Debt,2.88,Crisil Composite Bond Fund Index,Debt,449,1M,2026-06-30,Mar 2026,"0 Yrs, 3 Months",556,NA,0.56%,NA,NA,6.15%,NA,NA,NA,6.98%,2026-08-12T16:03:03.374Z,https://pmsbazaar.com/Visitor/PMSComparison,Grey Sky Capital Private Limited - GSC Smart Treasury Strategy,https://pmsbazaar.com/Strategy/GSC_Smart_Treasury_Strategy/Grey-Sky-Capital-Private-Limited,18
Avendus Investment Managers Pvt Ltd,https://pmsbazaar.com/AMC/Avendus-Investment-Managers-Pvt-Ltd/PMS,Equity,255.50,S&P BSE 500 TRI,Multi Cap & Flexi Cap,450,1M,2026-06-30,Jul 2020,"5 Yrs, 11 Months",556,NA,0.55%,-7.47%,-2.97%,9.66%,10.86%,10.49%,-4.37%,14.74%,2026-08-12T16:03:03.374Z,https://pmsbazaar.com/Visitor/PMSComparison,Avendus Investment Managers Pvt Ltd - Olivo Core Equity Portfolio-,https://pmsbazaar.com/Strategy/Avendus_Olivo_Core_Equity_Portfolio/Avendus-Investment-Managers-Pvt-Ltd,18
PRPEdge Wealth Pvt Ltd,https://pmsbazaar.com/AMC/PRPEdge-Wealth-Pvt-Ltd/PMS,Equity,17.13,Nifty 50 TRI,Multi Cap & Flexi Cap,451,1M,2026-06-30,Sep 2023,"2 Yrs, 9 Months",556,NA,0.54%,-3.53%,5.27%,12.23%,NA,NA,-4.37%,12.49%,2026-08-12T16:03:04.090Z,https://pmsbazaar.com/Visitor/PMSComparison,PRPEdge Wealth Pvt Ltd - Alphaa MPT Plus Fund,https://pmsbazaar.com/Strategy/Alphaa_MPT_Plus_Fund/PRPEdge-Wealth-Pvt-Ltd,19
Profitgate Capital Services LLP,https://pmsbazaar.com/AMC/Profitgate-Capital-Services-LLP/PMS,Equity,684.32,S&P BSE 500 TRI,Multi Cap & Flexi Cap,452,1M,2026-06-30,Oct 2023,"2 Yrs, 8 Months",556,NA,0.51%,2.37%,2.57%,17.42%,NA,NA,2.89%,13.70%,2026-08-12T16:03:04.090Z,https://pmsbazaar.com/Visitor/PMSComparison,Profitgate Capital Services LLP - Classic Compounders Equity Strategy..,https://pmsbazaar.com/Strategy/Classic_Compounders_Equity_Strategy/Profitgate-Capital-Services-LLP,19
Centrum PMS,https://pmsbazaar.com/AMC/Centrum-PMS/PMS,Equity,2.43,S&P BSE 500 TRI,Large Cap,453,1M,2026-06-30,Jul 2019,"6 Yrs, 11 Months",556,NA,0.49%,-7.63%,0.07%,7.67%,7.13%,7.22%,-9.10%,9.17%,2026-08-12T16:03:04.090Z,https://pmsbazaar.com/Visitor/PMSComparison,Centrum PMS - Built To Last,https://pmsbazaar.com/Strategy/Built_To_Last/Centrum-PMS,19
ITUS Capital Advisors Pvt Ltd,https://pmsbazaar.com/AMC/ITUS-Capital-Advisors-Pvt-Ltd/PMS,Equity,1279.43,Nifty 50 TRI,Multi Cap & Flexi Cap,454,1M,2026-06-30,Feb 2017,"9 Yrs, 4 Months",556,NA,0.47%,4.81%,3.30%,12.27%,11.52%,10.39%,0.64%,17.17%,2026-08-12T16:03:04.090Z,https://pmsbazaar.com/Visitor/PMSComparison,ITUS Capital Advisors Pvt Ltd - Fundamental Value Fund,https://pmsbazaar.com/Strategy/Fundamental_Value_Fund/ITUS-Capital-Advisors-Pvt-Ltd,19
Accuracap,https://pmsbazaar.com/AMC/Accuracap/PMS,Equity,88.58,Nifty 50 TRI,Large Cap,455,1M,2026-06-30,Sep 2011,"14 Yrs, 9 Months",556,11.60%,0.46%,1.57%,1.69%,13.37%,9.15%,8.98%,1.93%,13.11%,2026-08-12T16:03:04.090Z,https://pmsbazaar.com/Visitor/PMSComparison,Accuracap - Alpha10,https://pmsbazaar.com/Strategy/Alpha10/Accuracap,19
ICICI Prudential AMC Ltd,https://pmsbazaar.com/AMC/ICICI-Prudential-AMC-Ltd/PMS,Equity,1148.22,S&P BSE 500 TRI,Multi Cap & Flexi Cap,456,1M,2026-06-30,Mar 2007,"19 Yrs, 3 Months",556,16.71%,0.46%,8.29%,4.56%,9.39%,20.95%,21.37%,1.15%,13.01%,2026-08-12T16:03:04.090Z,https://pmsbazaar.com/Visitor/PMSComparison,ICICI Prudential AMC Ltd - Value Strategy,https://pmsbazaar.com/Strategy/Value_Strategy/ICICI-Prudential-AMC-Ltd,19
Ayan Analytics Pvt Ltd,https://pmsbazaar.com/AMC/Ayan-Analytics-Pvt-Ltd/PMS,Equity,17.99,Nifty 50 TRI,Mutual Fund,457,1M,2026-06-30,May 2023,"3 Yrs, 1 Months",556,NA,0.45%,9.41%,6.69%,13.37%,17.12%,NA,2.57%,17.82%,2026-08-12T16:03:04.090Z,https://pmsbazaar.com/Visitor/PMSComparison,Ayan Analytics Pvt Ltd - PriceBridge Direct MF.,https://pmsbazaar.com/Strategy/PriceBridge_Direct_MF/Ayan-Analytics-Pvt-Ltd,19
PrimeInvestor Financial Research Private Limited,https://pmsbazaar.com/AMC/PrimeInvestor-Financial-Research-Private-Limited/PMS,Hybrid,21.05,Nifty 50 Hybrid Composite Debt 50:50 index,Hybrid,458,1M,2026-06-30,Dec 2025,"0 Yrs, 6 Months",556,NA,0.45%,NA,NA,5.36%,NA,NA,0.94%,0.75%,2026-08-12T16:03:04.090Z,https://pmsbazaar.com/Visitor/PMSComparison,PrimeInvestor Financial Research Private Limited - Prime Vision Growth.,https://pmsbazaar.com/Strategy/Prime_Vision_Growth/PrimeInvestor-Financial-Research-Private-Limited,19
SilverArch Investment Advisers Pvt Ltd,https://pmsbazaar.com/AMC/SilverArch-Investment-Advisers-Pvt-Ltd/PMS,Equity,49.64,S&P BSE 500 TRI,Multi Cap & Flexi Cap,459,1M,2026-06-30,Sep 2017,"8 Yrs, 9 Months",556,NA,0.44%,5.44%,2.55%,20.39%,21.85%,17.09%,10.21%,12.83%,2026-08-12T16:03:04.091Z,https://pmsbazaar.com/Visitor/PMSComparison,SilverArch Investment Advisers Pvt Ltd - India Equity Portfolio,https://pmsbazaar.com/Strategy/India_Equity_Portfolio/SilverArch-Investment-Advisers-Pvt-Ltd,19
Ayan Analytics Pvt Ltd,https://pmsbazaar.com/AMC/Ayan-Analytics-Pvt-Ltd/PMS,Equity,15.10,Nifty 50 TRI,Large Cap,460,1M,2026-06-30,Jan 2024,"2 Yrs, 5 Months",556,NA,0.43%,-2.47%,1.21%,10.88%,NA,NA,-4.04%,5.76%,2026-08-12T16:03:04.091Z,https://pmsbazaar.com/Visitor/PMSComparison,Ayan Analytics Pvt Ltd - PriceBridge Top 100 Equity.,https://pmsbazaar.com/Strategy/PriceBridge_Top_100_Equity/Ayan-Analytics-Pvt-Ltd,19
Valtrust Partners LLP,https://pmsbazaar.com/AMC/Valtrust-Partners-LLP/PMS,Equity,3.19,S&P BSE 500 TRI,Multi Cap & Flexi Cap,461,1M,2026-06-30,Mar 2023,"3 Yrs, 3 Months",556,NA,0.41%,12.81%,8.44%,14.09%,20.00%,NA,6.53%,23.15%,2026-08-12T16:03:04.091Z,https://pmsbazaar.com/Visitor/PMSComparison,Valtrust Partners LLP - Equity Funds-,https://pmsbazaar.com/Strategy/Equity_Funds/Valtrust-Partners-LLP,19
Wave Asset Private Limited,https://pmsbazaar.com/AMC/Wave-Asset-Private-Limited/PMS,Equity,7.52,S&P BSE 500 TRI,Multi Cap & Flexi Cap,462,1M,2026-06-30,May 2024,"2 Yrs, 1 Months",556,NA,0.39%,0.16%,12.84%,-1.21%,NA,NA,-6.97%,14.38%,2026-08-12T16:03:04.091Z,https://pmsbazaar.com/Visitor/PMSComparison,Wave Asset Private Limited - Bloom-,https://pmsbazaar.com/Strategy/Bloom/Wave-Asset-Private-Limited,19
Karvy Capital Ltd,https://pmsbazaar.com/AMC/Karvy-Capital-Ltd/PMS,Debt,64.66,Crisil Credit Index,Debt,463,1M,2026-06-30,Jul 2014,"11 Yrs, 11 Months",556,9.36%,0.38%,2.67%,5.02%,0.81%,6.50%,6.75%,2.86%,10.61%,2026-08-12T16:03:04.091Z,https://pmsbazaar.com/Visitor/PMSComparison,Karvy Capital Ltd - Demeter,https://pmsbazaar.com/Strategy/Demeter/Karvy-Capital-Ltd,19
Grey Sky Capital Private Limited,https://pmsbazaar.com/AMC/Grey-Sky-Capital-Private-Limited/PMS,Debt,3.38,Crisil Composite Bond Fund Index,Debt,464,1M,2026-06-30,Jan 2026,"0 Yrs, 5 Months",556,NA,0.35%,NA,NA,0.39%,NA,NA,NA,0.38%,2026-08-12T16:03:04.091Z,https://pmsbazaar.com/Visitor/PMSComparison,Grey Sky Capital Private Limited - GSC Smart Liquid Strategy,https://pmsbazaar.com/Strategy/GSC_Smart_Liquid_Strategy/Grey-Sky-Capital-Private-Limited,19
Abans Investment Managers,https://pmsbazaar.com/AMC/Abans-Investment-Managers/PMS,Equity,3.00,S&P BSE 500 TRI,Mid Cap,465,1M,2026-06-30,Apr 2019,"7 Yrs, 2 Months",556,NA,0.35%,11.82%,-3.93%,17.18%,13.39%,11.26%,4.81%,14.26%,2026-08-12T16:03:04.091Z,https://pmsbazaar.com/Visitor/PMSComparison,Abans Investment Managers - Smart Beta Portfolio,https://pmsbazaar.com/Strategy/Smart_Beta_Portfolio/Abans-Investment-Managers,19
AlfAccurate Advisors,https://pmsbazaar.com/AMC/AlfAccurate-Advisors/PMS,Debt,15.80,Crisil Composite Bond Fund Index,Debt,466,1M,2026-06-30,Jan 2021,"5 Yrs, 5 Months",556,NA,0.33%,4.30%,4.60%,0.95%,4.51%,3.88%,1.97%,3.66%,2026-08-12T16:03:04.091Z,https://pmsbazaar.com/Visitor/PMSComparison,AlfAccurate Advisors - AAA Liquid..,https://pmsbazaar.com/Strategy/AAA_Liquid/AlfAccurate-Advisors,19
Omniscience Capital Advisors Private Limited,https://pmsbazaar.com/AMC/Omniscience-Capital-Advisors-Private-Limited/PMS,Debt,0.27,Nifty Medium to Long Duration Debt Index,Debt,467,1M,2026-06-30,Nov 2025,"0 Yrs, 7 Months",556,NA,0.32%,NA,NA,1.66%,NA,NA,2.07%,2.71%,2026-08-12T16:03:04.091Z,https://pmsbazaar.com/Visitor/PMSComparison,Omniscience Capital Advisors Private Limited - Omni Super Cash,https://pmsbazaar.com/Strategy/Omni_Super_Cash/Omniscience-Capital-Advisors-Private-Limited,19
Shriram Asset Management Company Limited,https://pmsbazaar.com/AMC/Shriram-Asset-Management-Company-Limited/PMS,Equity,0.36,Nifty 50 TRI,Small & Mid Cap,469,1M,2026-06-30,Feb 2025,"1 Yrs, 4 Months",556,NA,0.31%,20.21%,NA,11.70%,NA,NA,5.19%,31.62%,2026-08-12T16:03:04.091Z,https://pmsbazaar.com/Visitor/PMSComparison,Shriram Asset Management Company Limited - Future GEMS-,https://pmsbazaar.com/Strategy/Shriram_Future_GEMS/Shriram-Asset-Management-Company-Limited,19
ASK Investment Managers Ltd,https://pmsbazaar.com/AMC/ASK-Investment-Managers-Ltd/PMS,Equity,242,S&P BSE 500 TRI,Small & Mid Cap,468,1M,2026-06-30,Aug 2017,"8 Yrs, 10 Months",556,NA,0.31%,-12.49%,-5.05%,7.70%,5.86%,5.38%,-6.47%,9.35%,2026-08-12T16:03:04.091Z,https://pmsbazaar.com/Visitor/PMSComparison,ASK Investment Managers Ltd - ASK Emerging Opportunities Portfolio,https://pmsbazaar.com/Strategy/ASK_Emerging_Opportunities_Portfolio/ASK-Investment-Managers-Ltd,19
First Global Finance Pvt Ltd,https://pmsbazaar.com/AMC/First-Global-Finance-Pvt-Ltd/PMS,Multiasset,20.19,NSE Multi Asset Index 1,Multi Asset,471,1M,2026-06-30,Feb 2020,"6 Yrs, 4 Months",556,NA,0.30%,2.58%,2.39%,8.24%,10.06%,9.61%,-1.89%,13.46%,2026-08-12T16:03:04.092Z,https://pmsbazaar.com/Visitor/PMSComparison,First Global Finance Pvt Ltd - Indian Multi Asset,https://pmsbazaar.com/Strategy/Indian_Multi_Asset/First-Global-Finance-Pvt-Ltd,19
DRChoksey FinServ Pvt Ltd,https://pmsbazaar.com/AMC/DRChoksey-FinServ-Pvt-Ltd/PMS,Equity,96.73,Nifty 50 TRI,Multi Cap & Flexi Cap,470,1M,2026-06-30,Mar 2007,"19 Yrs, 3 Months",556,11.08%,0.30%,-11.09%,-7.00%,15.36%,5.88%,7.23%,-2.75%,4.88%,2026-08-12T16:03:04.092Z,https://pmsbazaar.com/Visitor/PMSComparison,DRChoksey FinServ Pvt Ltd - Alpha Invest,https://pmsbazaar.com/Strategy/Alpha_Invest/DRChoksey-FinServ-Pvt-Ltd,19
Alchemy Capital Management,https://pmsbazaar.com/AMC/Alchemy-Capital-Management/PMS,Equity,17.21,Nifty 50 TRI,Large Cap,472,1M,2026-06-30,Aug 2023,"2 Yrs, 10 Months",556,NA,0.29%,2.03%,1.12%,13.50%,NA,NA,-1.21%,11.91%,2026-08-12T16:03:04.092Z,https://pmsbazaar.com/Visitor/PMSComparison,Alchemy Capital Management - Alpha 100,https://pmsbazaar.com/Strategy/Alpha_100/Alchemy-Capital-Management,19
Scient Capital Pvt Ltd,https://pmsbazaar.com/AMC/Scient-Capital-Pvt-Ltd/PMS,Debt,4.92,Crisil Credit Index,Debt,473,1M,2026-06-30,Aug 2016,"9 Yrs, 10 Months",556,NA,0.29%,11.05%,6.97%,-5.34%,6.76%,4.30%,4.87%,6.14%,2026-08-12T16:03:04.092Z,https://pmsbazaar.com/Visitor/PMSComparison,Scient Capital Pvt Ltd - Aries PMS,https://pmsbazaar.com/Strategy/Aries_PMS/Scient-Capital-Pvt-Ltd,19
ASK Investment Managers Ltd,https://pmsbazaar.com/AMC/ASK-Investment-Managers-Ltd/PMS,Equity,43,S&P BSE 500 TRI,Mid Cap,474,1M,2026-06-30,Dec 2009,"16 Yrs, 6 Months",556,10.46%,0.24%,-12.37%,-4.72%,7.54%,6.03%,5.64%,-6.55%,13.10%,2026-08-12T16:03:04.092Z,https://pmsbazaar.com/Visitor/PMSComparison,ASK Investment Managers Ltd - ASK Strategic Portfolio,https://pmsbazaar.com/Strategy/ASK_Strategic_Portfolio/ASK-Investment-Managers-Ltd,19
Kotak Mahindra Asset Management Company Ltd,https://pmsbazaar.com/AMC/Kotak-Mahindra-Asset-Management-Company-Ltd/PMS,Multiasset,7.37,NSE Multi Asset Index 1,Multi Asset,476,1M,2026-06-30,Jun 2022,"4 Yrs, 0 Months",556,NA,0.23%,11.00%,10.12%,7.69%,13.35%,NA,1.56%,12.95%,2026-08-12T16:03:04.092Z,https://pmsbazaar.com/Visitor/PMSComparison,Kotak Mahindra Asset Management Company Ltd - Kotak Pioneer Model Strategy Moderate,https://pmsbazaar.com/Strategy/Kotak_Pioneer_Model_Strategy_Moderate/Kotak-Mahindra-Asset-Management-Company-Ltd,19
NJ Asset Management Pvt Ltd,https://pmsbazaar.com/AMC/NJ-Asset-Management-Pvt-Ltd/PMS,Equity,1584.70,Nifty 50 TRI,Multi Cap & Flexi Cap,475,1M,2026-06-30,Mar 2018,"8 Yrs, 3 Months",556,NA,0.23%,-8.71%,-0.42%,12.62%,8.81%,7.03%,-3.35%,11.79%,2026-08-12T16:03:04.989Z,https://pmsbazaar.com/Visitor/PMSComparison,NJ Asset Management Pvt Ltd - Bluechip,https://pmsbazaar.com/Strategy/Bluechip/NJ-Asset-Management-Pvt-Ltd,20
Kedia Shares and Stocks Brokers Ltd,https://pmsbazaar.com/AMC/Kedia-Shares-and-Stocks-Brokers-Ltd/PMS,Equity,111.84,S&P BSE 500 TRI,Multi Cap & Flexi Cap,477,1M,2026-06-30,May 2019,"7 Yrs, 1 Months",556,NA,0.22%,-0.77%,2.58%,14.46%,15.30%,15.68%,3.41%,16.54%,2026-08-12T16:03:04.990Z,https://pmsbazaar.com/Visitor/PMSComparison,Kedia Shares and Stocks Brokers Ltd - Multi Cap..,https://pmsbazaar.com/Strategy/Multi_Cap/Kedia-Shares-and-Stocks-Brokers-Ltd,20
ArthAlpha LLP,https://pmsbazaar.com/AMC/ArthAlpha-LLP/PMS,Equity,62.00,S&P BSE 500 TRI,Mid & Large Cap,478,1M,2026-06-30,Oct 2024,"1 Yrs, 8 Months",556,NA,0.14%,0.37%,NA,13.51%,NA,NA,5.20%,5.71%,2026-08-12T16:03:04.990Z,https://pmsbazaar.com/Visitor/PMSComparison,ArthAlpha LLP - Machine Learning Equity Quant,https://pmsbazaar.com/Strategy/Machine_Learning_Equity_Quant/ArthAlpha-LLP,20
Axis Securities Ltd,https://pmsbazaar.com/AMC/Axis-Securities-Ltd/PMS,Equity,3.74,S&P BSE 500 TRI,Multi Cap & Flexi Cap,479,1M,2026-06-30,Oct 2023,"2 Yrs, 8 Months",556,NA,0.11%,-6.84%,-8.05%,6.87%,NA,NA,-3.92%,4.50%,2026-08-12T16:03:04.990Z,https://pmsbazaar.com/Visitor/PMSComparison,Axis Securities Ltd - Axis Securities AlphaSense AI.,https://pmsbazaar.com/Strategy/Axis_Securities_AlphaSense_AI/Axis-Securities-Ltd,20
Aditya Birla Sun Life AMC,https://pmsbazaar.com/AMC/Aditya-Birla-Sun-Life-AMC/PMS,Equity,715,S&P BSE 500 TRI,Small & Mid Cap,480,1M,2026-06-30,Oct 2009,"16 Yrs, 8 Months",556,16.07%,0.05%,6.43%,13.43%,20.39%,26.26%,19.86%,9.69%,17.25%,2026-08-12T16:03:04.990Z,https://pmsbazaar.com/Visitor/PMSComparison,Aditya Birla Sun Life AMC - Select Sector Portfolio,https://pmsbazaar.com/Strategy/Select_Sector_Portfolio/Aditya-Birla-Sun-Life-AMC,20
ithought Financial Consulting LLP,https://pmsbazaar.com/AMC/ithought-Financial-Consulting-LLP/PMS,Multiasset,143.54,NSE Multi Asset Index 1,Multi Asset,481,1M,2026-06-30,Oct 2022,"3 Yrs, 8 Months",556,NA,0.00%,0.84%,9.66%,5.98%,18.34%,NA,-7.75%,18.85%,2026-08-12T16:03:04.990Z,https://pmsbazaar.com/Visitor/PMSComparison,ithought Financial Consulting LLP - NIO,https://pmsbazaar.com/Strategy/NIO/ithought-Financial-Consulting-LLP,20
ASK Investment Managers Ltd,https://pmsbazaar.com/AMC/ASK-Investment-Managers-Ltd/PMS,Equity,36,Nifty 50 TRI,Large Cap,482,1M,2026-06-30,Sep 2008,"17 Yrs, 9 Months",556,8.33%,-0.03%,-10.12%,-6.57%,4.62%,1.07%,2.23%,-11.58%,12.93%,2026-08-12T16:03:04.990Z,https://pmsbazaar.com/Visitor/PMSComparison,ASK Investment Managers Ltd - ASK Life Portfolio,https://pmsbazaar.com/Strategy/ASK_Life_Portfolio/ASK-Investment-Managers-Ltd,20
Spark Asia Impact Managers Pvt Ltd,https://pmsbazaar.com/AMC/Spark-Asia-Impact-Managers-Pvt-Ltd/PMS,Equity,463.66,Nifty 50 TRI,Multi Cap & Flexi Cap,483,1M,2026-06-30,Feb 2019,"7 Yrs, 4 Months",556,NA,-0.03%,-4.15%,0.40%,6.54%,14.78%,14.37%,-5.51%,15.21%,2026-08-12T16:03:04.990Z,https://pmsbazaar.com/Visitor/PMSComparison,Spark Asia Impact Managers Pvt Ltd - India at 75 FlexiCap,https://pmsbazaar.com/Strategy/India_at_75_FlexiCap/Spark-Asia-Impact-Managers-Pvt-Ltd,20
Ametra Investment Managers Private Limited,https://pmsbazaar.com/AMC/Ametra-Investment-Managers-Private-Limited/PMS,Multiasset,17.70,NSE Multi Asset Index 2,Multi Asset,484,1M,2026-06-30,Oct 2024,"1 Yrs, 8 Months",556,NA,-0.06%,7.51%,NA,2.68%,NA,NA,1.02%,6.12%,2026-08-12T16:03:04.990Z,https://pmsbazaar.com/Visitor/PMSComparison,Ametra Investment Managers Private Limited - Ametra FactorIncome.,https://pmsbazaar.com/Strategy/Ametra_FactorIncome/Ametra-Investment-Managers-Private-Limited,20
Vallum Capital Advisor Pvt Ltd,https://pmsbazaar.com/AMC/Vallum-Capital-Advisor-Pvt-Ltd/PMS,Multiasset,8.36,NSE Multi Asset Index 1,Multi Asset,485,1M,2026-06-30,Jan 2025,"1 Yrs, 5 Months",556,NA,-0.10%,31.23%,NA,6.74%,NA,NA,10.05%,24.54%,2026-08-12T16:03:04.990Z,https://pmsbazaar.com/Visitor/PMSComparison,Vallum Capital Advisor Pvt Ltd - Vallum Multi Activa Strategy,https://pmsbazaar.com/Strategy/Vallum_Multi_Activa_Strategy/Vallum-Capital-Advisor-Pvt-Ltd,20
Ayan Analytics Pvt Ltd,https://pmsbazaar.com/AMC/Ayan-Analytics-Pvt-Ltd/PMS,Equity,60.45,Nifty 50 TRI,ETF,486,1M,2026-06-30,Jan 2023,"3 Yrs, 5 Months",556,NA,-0.15%,13.15%,9.35%,11.36%,16.32%,NA,2.61%,15.35%,2026-08-12T16:03:04.991Z,https://pmsbazaar.com/Visitor/PMSComparison,Ayan Analytics Pvt Ltd - PriceBridge Honeycomb.,https://pmsbazaar.com/Strategy/PriceBridge_Honeycomb/Ayan-Analytics-Pvt-Ltd,20
Omniscience Capital Advisors Private Limited,https://pmsbazaar.com/AMC/Omniscience-Capital-Advisors-Private-Limited/PMS,Multiasset,0.05,NSE Multi Asset Index 2,Multi Asset,487,1M,2026-06-30,Nov 2025,"0 Yrs, 7 Months",556,NA,-0.16%,NA,NA,10.71%,NA,NA,3.92%,5.55%,2026-08-12T16:03:04.992Z,https://pmsbazaar.com/Visitor/PMSComparison,Omniscience Capital Advisors Private Limited - Omni Navigator,https://pmsbazaar.com/Strategy/Omni_Navigator/Omniscience-Capital-Advisors-Private-Limited,20
Badjate Wealth Private Limited,https://pmsbazaar.com/AMC/Badjate-Wealth-Private-Limited/PMS,Equity,27.14,S&P BSE 500 TRI,Mid & Large Cap,488,1M,2026-06-30,May 2025,"1 Yrs, 1 Months",556,NA,-0.17%,1.83%,NA,15.10%,NA,NA,7.58%,6.54%,2026-08-12T16:03:04.992Z,https://pmsbazaar.com/Visitor/PMSComparison,Badjate Wealth Private Limited - Growth Fund-,https://pmsbazaar.com/Strategy/Badjate_Growth_Fund/Badjate-Wealth-Private-Limited,20
Ionic Asset Management,https://pmsbazaar.com/AMC/Ionic-Asset-Management/PMS,Equity,45.45,S&P BSE 500 TRI,Multi Cap & Flexi Cap,490,1M,2026-06-30,Jan 2025,"1 Yrs, 5 Months",556,NA,-0.19%,-5.09%,NA,12.69%,NA,NA,-5.98%,-0.04%,2026-08-12T16:03:04.993Z,https://pmsbazaar.com/Visitor/PMSComparison,Ionic Asset Management - PIPE Strategy-,https://pmsbazaar.com/Strategy/Ionic_PIPE_Strategy/Ionic-Asset-Management,20
DRChoksey FinServ Pvt Ltd,https://pmsbazaar.com/AMC/DRChoksey-FinServ-Pvt-Ltd/PMS,Equity,105.81,Nifty 50 TRI,Multi Cap & Flexi Cap,489,1M,2026-06-30,Jan 2026,"0 Yrs, 5 Months",556,NA,-0.19%,NA,NA,12.95%,NA,NA,NA,1.32%,2026-08-12T16:03:04.993Z,https://pmsbazaar.com/Visitor/PMSComparison,DRChoksey FinServ Pvt Ltd - Chatur Amrit Kaal Fund,https://pmsbazaar.com/Strategy/Chatur_Amrit_Kaal_Fund/DRChoksey-FinServ-Pvt-Ltd,20
Ayan Analytics Pvt Ltd,https://pmsbazaar.com/AMC/Ayan-Analytics-Pvt-Ltd/PMS,Multiasset,13.14,NSE Multi Asset Index 1,Multi Asset,491,1M,2026-06-30,Dec 2025,"0 Yrs, 6 Months",556,NA,-0.20%,NA,NA,14.50%,NA,NA,16.76%,19.16%,2026-08-12T16:03:04.993Z,https://pmsbazaar.com/Visitor/PMSComparison,Ayan Analytics Pvt Ltd - PriceBridge TM Select Stocks,https://pmsbazaar.com/Strategy/PriceBridge_TM_Select_Stocks/Ayan-Analytics-Pvt-Ltd,20
ASK Investment Managers Ltd,https://pmsbazaar.com/AMC/ASK-Investment-Managers-Ltd/PMS,Equity,495,S&P BSE 500 TRI,Multi Cap & Flexi Cap,492,1M,2026-06-30,Mar 2024,"2 Yrs, 3 Months",556,NA,-0.21%,-5.33%,-8.28%,10.49%,NA,NA,-1.81%,6.58%,2026-08-12T16:03:04.993Z,https://pmsbazaar.com/Visitor/PMSComparison,ASK Investment Managers Ltd - ASK Lighthouse Portfolio,https://pmsbazaar.com/Strategy/ASK_Lighthouse_Portfolio/ASK-Investment-Managers-Ltd,20
Moneylife Advisory Services Pvt Ltd,https://pmsbazaar.com/AMC/Moneylife-Advisory-Services-Pvt-Ltd/PMS,Equity,124.90,Nifty 50 TRI,Multi Cap & Flexi Cap,493,1M,2026-06-30,Dec 2019,"6 Yrs, 6 Months",556,NA,-0.22%,11.24%,9.17%,29.62%,24.10%,16.01%,18.26%,17.29%,2026-08-12T16:03:04.993Z,https://pmsbazaar.com/Visitor/PMSComparison,Moneylife Advisory Services Pvt Ltd - MAS Prime,https://pmsbazaar.com/Strategy/MAS_Prime/Moneylife-Advisory-Services-Pvt-Ltd,20
Turtle Wealth Management Pvt Ltd,https://pmsbazaar.com/AMC/Turtle-Wealth-Management-Pvt-Ltd/PMS,Equity,166.26,S&P BSE 500 TRI,Multi Cap & Flexi Cap,494,1M,2026-06-30,Oct 2020,"5 Yrs, 8 Months",556,NA,-0.25%,25.18%,5.50%,11.36%,20.37%,10.54%,9.73%,15.22%,2026-08-12T16:03:04.993Z,https://pmsbazaar.com/Visitor/PMSComparison,Turtle Wealth Management Pvt Ltd - Growth Mantra,https://pmsbazaar.com/Strategy/Growth_Mantra/Turtle-Wealth-Management-Pvt-Ltd,20
Qode Advisors LLP,https://pmsbazaar.com/AMC/Qode-Advisors-LLP/PMS,Equity,37.55,S&P BSE 500 TRI,Multi Cap & Flexi Cap,495,1M,2026-06-30,Nov 2024,"1 Yrs, 7 Months",556,NA,-0.27%,12.76%,NA,8.22%,NA,NA,15.32%,16.73%,2026-08-12T16:03:04.993Z,https://pmsbazaar.com/Visitor/PMSComparison,Qode Advisors LLP - Qode Tactical Fund-,https://pmsbazaar.com/Strategy/Qode_Tactical_Fund/Qode-Advisors-LLP,20
Magadh Capital Advisors LLP,https://pmsbazaar.com/AMC/Magadh-Capital-Advisors-LLP/PMS,Equity,27.44,S&P BSE 500 TRI,Multi Cap & Flexi Cap,497,1M,2026-06-30,Aug 2021,"4 Yrs, 10 Months",556,NA,-0.28%,-4.13%,0.98%,9.82%,15.16%,NA,-4.91%,12.45%,2026-08-12T16:03:04.993Z,https://pmsbazaar.com/Visitor/PMSComparison,Magadh Capital Advisors LLP - Value For Growth,https://pmsbazaar.com/Strategy/Value_For_Growth/Magadh-Capital-Advisors-LLP,20
Ionic Asset Management,https://pmsbazaar.com/AMC/Ionic-Asset-Management/PMS,Multiasset,184.44,NSE Multi Asset Index 1,Multi Asset,496,1M,2026-06-30,Mar 2025,"1 Yrs, 3 Months",556,NA,-0.28%,15.42%,NA,10.96%,NA,NA,4.78%,18.69%,2026-08-12T16:03:04.993Z,https://pmsbazaar.com/Visitor/PMSComparison,Ionic Asset Management - Ionic Allocate Portfolio - Aggressive,https://pmsbazaar.com/Strategy/Ionic_Allocate_Portfolio_-_Aggressive/Ionic-Asset-Management,20
Wallfort Fund Management LLP,https://pmsbazaar.com/AMC/Wallfort-Fund-Management-LLP/PMS,Equity,146.40,S&P BSE 500 TRI,Small & Mid Cap,499,1M,2026-06-30,Apr 2022,"4 Yrs, 2 Months",556,NA,-0.29%,18.36%,11.12%,11.64%,27.07%,NA,1.67%,24.38%,2026-08-12T16:03:04.994Z,https://pmsbazaar.com/Visitor/PMSComparison,Wallfort Fund Management LLP - Avenue Fund.,https://pmsbazaar.com/Strategy/Avenue_Fund/Wallfort-Fund-Management-LLP,20
Kotak Mahindra Asset Management Company Ltd,https://pmsbazaar.com/AMC/Kotak-Mahindra-Asset-Management-Company-Ltd/PMS,Multiasset,1.15,NSE Multi Asset Index 1,Multi Asset,500,1M,2026-06-30,Jun 2022,"4 Yrs, 0 Months",556,NA,-0.29%,22.15%,15.91%,3.61%,14.70%,NA,5.06%,13.10%,2026-08-12T16:03:04.994Z,https://pmsbazaar.com/Visitor/PMSComparison,Kotak Mahindra Asset Management Company Ltd - Kotak Pioneer Model Strategy Conservative,https://pmsbazaar.com/Strategy/Kotak_Pioneer_Model_Strategy_Conservative/Kotak-Mahindra-Asset-Management-Company-Ltd,20
Ametra Investment Managers Private Limited,https://pmsbazaar.com/AMC/Ametra-Investment-Managers-Private-Limited/PMS,Equity,20.79,S&P BSE 500 TRI,Multi Cap & Flexi Cap,498,1M,2026-06-30,Oct 2024,"1 Yrs, 8 Months",556,NA,-0.29%,-2.94%,NA,6.67%,NA,NA,-1.25%,-7.96%,2026-08-12T16:03:04.995Z,https://pmsbazaar.com/Visitor/PMSComparison,Ametra Investment Managers Private Limited - Ametra FactorAlpha.,https://pmsbazaar.com/Strategy/Ametra_FactorAlpha/Ametra-Investment-Managers-Private-Limited,20
Estee Advisors Pvt Ltd,https://pmsbazaar.com/AMC/Estee-Advisors-Pvt-Ltd/PMS,Equity,55.50,S&P BSE 500 TRI,Multi Cap & Flexi Cap,501,1M,2026-06-30,Sep 2018,"7 Yrs, 9 Months",556,NA,-0.30%,-4.42%,-1.84%,10.98%,17.84%,14.73%,-1.76%,17.33%,2026-08-12T16:03:05.723Z,https://pmsbazaar.com/Visitor/PMSComparison,Estee Advisors Pvt Ltd - Long Alpha,https://pmsbazaar.com/Strategy/Long_Alpha/Estee-Advisors-Pvt-Ltd,21
Shriram Asset Management Company Limited,https://pmsbazaar.com/AMC/Shriram-Asset-Management-Company-Limited/PMS,Equity,0.29,Nifty 50 TRI,Mid & Large Cap,502,1M,2026-06-30,Feb 2025,"1 Yrs, 4 Months",556,NA,-0.35%,7.25%,NA,8.44%,NA,NA,-1.82%,12.54%,2026-08-12T16:03:05.724Z,https://pmsbazaar.com/Visitor/PMSComparison,Shriram Asset Management Company Limited - LEAPS-,https://pmsbazaar.com/Strategy/Shriram_LEAPS/Shriram-Asset-Management-Company-Limited,21
Sincere Syndication And Corporate Services LLP,https://pmsbazaar.com/AMC/Sincere-Syndication-And-Corporate-Services-LLP/PMS,Multiasset,32.30,NSE Multi Asset Index 2,Multi Asset,503,1M,2026-06-30,May 2023,"3 Yrs, 1 Months",556,NA,-0.38%,3.23%,3.91%,3.61%,7.77%,NA,-0.76%,7.67%,2026-08-12T16:03:05.724Z,https://pmsbazaar.com/Visitor/PMSComparison,Sincere Syndication And Corporate Services LLP - Fixed Income plus-,https://pmsbazaar.com/Strategy/Fixed_Income_plus/Sincere-Syndication-And-Corporate-Services-LLP,21
Motilal Oswal Asset Management Company Ltd,https://pmsbazaar.com/AMC/Motilal-Oswal-Asset-Management-Company-Ltd/PMS,Equity,59.09,S&P BSE 500 TRI,Multi Cap & Flexi Cap,504,1M,2026-06-30,May 2021,"5 Yrs, 1 Months",556,NA,-0.41%,-2.42%,-3.03%,7.69%,17.32%,12.40%,-3.32%,13.19%,2026-08-12T16:03:05.724Z,https://pmsbazaar.com/Visitor/PMSComparison,Motilal Oswal Asset Management Company Ltd - Multifactor Equity,https://pmsbazaar.com/Strategy/Multifactor_Equity/Motilal-Oswal-Asset-Management-Company-Ltd,21
Hanut Alternate Investments LLP,https://pmsbazaar.com/AMC/Hanut-Alternate-Investments-LLP/PMS,Equity,40.25,S&P BSE 500 TRI,Multi Cap & Flexi Cap,505,1M,2026-06-30,May 2019,"7 Yrs, 1 Months",556,NA,-0.46%,5.97%,9.00%,23.17%,20.77%,13.58%,7.76%,18.41%,2026-08-12T16:03:05.724Z,https://pmsbazaar.com/Visitor/PMSComparison,Hanut Alternate Investments LLP - Fundamental Quant,https://pmsbazaar.com/Strategy/Fundamental_Quant/Hanut-Alternate-Investments-LLP,21
PGIM India,https://pmsbazaar.com/AMC/PGIM-India/PMS,Equity,104,Nifty 50 TRI,Multi Cap & Flexi Cap,507,1M,2026-06-30,Jul 2013,"12 Yrs, 11 Months",556,10.51%,-0.56%,-2.70%,0.16%,10.39%,6.85%,11.48%,0.81%,13.85%,2026-08-12T16:03:05.724Z,https://pmsbazaar.com/Visitor/PMSComparison,PGIM India - Core Equity Portfolio,https://pmsbazaar.com/Strategy/Core_Equity_Portfolio/PGIM-India,21
ASK Investment Managers Ltd,https://pmsbazaar.com/AMC/ASK-Investment-Managers-Ltd/PMS,Equity,136,Nifty 50 TRI,Large Cap,506,1M,2026-06-30,Jul 2025,"0 Yrs, 11 Months",556,NA,-0.56%,NA,NA,4.94%,NA,NA,-11.06%,-5.91%,2026-08-12T16:03:05.724Z,https://pmsbazaar.com/Visitor/PMSComparison,ASK Investment Managers Ltd - ASK Core Portfolio,https://pmsbazaar.com/Strategy/ASK_Core_Portfolio/ASK-Investment-Managers-Ltd,21
Ionic Asset Management,https://pmsbazaar.com/AMC/Ionic-Asset-Management/PMS,Equity,55.71,Nifty 50 TRI,Multi Cap & Flexi Cap,508,1M,2026-06-30,Mar 2025,"1 Yrs, 3 Months",556,NA,-0.58%,7.70%,NA,12.25%,NA,NA,2.48%,10.42%,2026-08-12T16:03:05.724Z,https://pmsbazaar.com/Visitor/PMSComparison,Ionic Asset Management - Ionic Allocate Portfolio - Equity,https://pmsbazaar.com/Strategy/Ionic_Allocate_Portfolio_-_Equity/Ionic-Asset-Management,21
Alchemy Capital Management,https://pmsbazaar.com/AMC/Alchemy-Capital-Management/PMS,Equity,41.55,S&P BSE 500 TRI,Small Cap,509,1M,2026-06-30,Dec 2023,"2 Yrs, 6 Months",556,NA,-0.63%,2.88%,-5.93%,17.18%,NA,NA,2.89%,6.95%,2026-08-12T16:03:05.724Z,https://pmsbazaar.com/Visitor/PMSComparison,Alchemy Capital Management - Smart Alpha Micro and Small Cap.,https://pmsbazaar.com/Strategy/Smart_Alpha_Micro_and_Small_Cap/Alchemy-Capital-Management,21
Lighthouse Canton,https://pmsbazaar.com/AMC/Lighthouse-Canton/PMS,Equity,32.54,Nifty 50 TRI,Multi Cap & Flexi Cap,510,1M,2026-06-30,Sep 2025,"0 Yrs, 9 Months",556,NA,-0.66%,NA,NA,12.80%,NA,NA,-1.41%,2.94%,2026-08-12T16:03:05.724Z,https://pmsbazaar.com/Visitor/PMSComparison,Lighthouse Canton - Sectoral Shift Strategy,https://pmsbazaar.com/Strategy/Sectoral_Shift_Strategy/Lighthouse-Canton,21
Anand Rathi Advisors Ltd,https://pmsbazaar.com/AMC/Anand-Rathi-Advisors-Ltd/PMS,Multiasset,81.63,NSE Multi Asset Index 1,Multi Asset,511,1M,2026-06-30,Apr 2025,"1 Yrs, 2 Months",556,NA,-0.70%,9.60%,NA,13.50%,NA,NA,3.00%,13.50%,2026-08-12T16:03:05.724Z,https://pmsbazaar.com/Visitor/PMSComparison,Anand Rathi Advisors Ltd - IDEAA PMS,https://pmsbazaar.com/Strategy/IDEAA_PMS/Anand-Rathi-Advisors-Ltd,21
Alpha Alternatives Fund Advisors LLP,https://pmsbazaar.com/AMC/Alpha-Alternatives-Fund-Advisors-LLP/PMS,Equity,UNDISC.,S&P BSE 500 TRI,Multi Cap & Flexi Cap,512,1M,2026-06-30,Jul 2021,"4 Yrs, 11 Months",556,NA,-0.70%,-11.33%,-3.67%,11.09%,12.24%,NA,-0.86%,11.45%,2026-08-12T16:03:05.725Z,https://pmsbazaar.com/Visitor/PMSComparison,Alpha Alternatives Fund Advisors LLP - Systematic Equity,https://pmsbazaar.com/Strategy/Systematic_Equity/Alpha-Alternatives-Fund-Advisors-LLP,21
PRPEdge Wealth Pvt Ltd,https://pmsbazaar.com/AMC/PRPEdge-Wealth-Pvt-Ltd/PMS,Equity,1.34,Nifty 50 TRI,ETF,513,1M,2026-06-30,Oct 2023,"2 Yrs, 8 Months",556,NA,-0.78%,13.61%,10.26%,13.21%,NA,NA,3.87%,18.02%,2026-08-12T16:03:05.725Z,https://pmsbazaar.com/Visitor/PMSComparison,PRPEdge Wealth Pvt Ltd - AlphaaMoney Equity+-,https://pmsbazaar.com/Strategy/AlphaaMoney_Equity+/PRPEdge-Wealth-Pvt-Ltd,21
Grey Sky Capital Private Limited,https://pmsbazaar.com/AMC/Grey-Sky-Capital-Private-Limited/PMS,Equity,93.83,Nifty 50 TRI,Mid & Large Cap,514,1M,2026-06-30,Dec 2025,"0 Yrs, 6 Months",556,NA,-0.79%,NA,NA,19.33%,NA,NA,29.14%,28.91%,2026-08-12T16:03:05.725Z,https://pmsbazaar.com/Visitor/PMSComparison,Grey Sky Capital Private Limited - GSC Smart Core Portfolio,https://pmsbazaar.com/Strategy/GSC_Smart_Core_Portfolio/Grey-Sky-Capital-Private-Limited,21
Carnelian Asset Management and  Advisors Pvt Ltd,https://pmsbazaar.com/AMC/Carnelian-Asset-Management-and--Advisors-Pvt-Ltd/PMS,Equity,129.00,S&P BSE 500 TRI,Multi Cap & Flexi Cap,515,1M,2026-06-30,Jan 2022,"4 Yrs, 5 Months",556,NA,-0.80%,0.23%,1.22%,11.80%,22.19%,NA,-0.26%,24.30%,2026-08-12T16:03:05.725Z,https://pmsbazaar.com/Visitor/PMSComparison,Carnelian Asset Management and  Advisors Pvt Ltd - Contra Strategy,https://pmsbazaar.com/Strategy/Contra_Strategy/Carnelian-Asset-Management-and--Advisors-Pvt-Ltd,21
Cosmea Portfolio Mgnt Pvt Ltd (erstwhile Torus),https://pmsbazaar.com/AMC/Cosmea-Portfolio-Mgnt-Pvt-Ltd-(erstwhile-Torus)/PMS,Equity,29.42,S&P BSE 500 TRI,Multi Cap & Flexi Cap,516,1M,2026-06-30,Nov 2022,"3 Yrs, 7 Months",556,NA,-0.83%,-9.48%,-1.62%,9.46%,13.64%,NA,-6.36%,12.94%,2026-08-12T16:03:05.725Z,https://pmsbazaar.com/Visitor/PMSComparison,Cosmea Portfolio Mgnt Pvt Ltd (erstwhile Torus) - Alpha Compounders,https://pmsbazaar.com/Strategy/Alpha_Compounders/Cosmea-Portfolio-Mgnt-Pvt-Ltd-(erstwhile-Torus),21
Merisis Advisors Private Limited,https://pmsbazaar.com/AMC/Merisis-Advisors-Private-Limited/PMS,Multiasset,5.97,Nifty 50 TRI,Multi Asset,517,1M,2026-06-30,Aug 2025,"0 Yrs, 10 Months",556,NA,-0.84%,NA,NA,7.69%,NA,NA,4.32%,19.63%,2026-08-12T16:03:05.725Z,https://pmsbazaar.com/Visitor/PMSComparison,Merisis Advisors Private Limited - Smartblend ETF,https://pmsbazaar.com/Strategy/Smartblend_ETF/Merisis-Advisors-Private-Limited,21
Ionic Asset Management,https://pmsbazaar.com/AMC/Ionic-Asset-Management/PMS,Multiasset,68.48,Nifty 50 Hybrid Composite Debt 50:50 index,Multi Asset,518,1M,2026-06-30,Apr 2025,"1 Yrs, 2 Months",556,NA,-0.89%,23.88%,NA,7.18%,NA,NA,5.79%,24.36%,2026-08-12T16:03:05.725Z,https://pmsbazaar.com/Visitor/PMSComparison,Ionic Asset Management - Ionic Allocate Portfolio - Moderate,https://pmsbazaar.com/Strategy/Ionic_Allocate_Portfolio_-_Moderate/Ionic-Asset-Management,21
Cosmea Portfolio Mgnt Pvt Ltd (erstwhile Torus),https://pmsbazaar.com/AMC/Cosmea-Portfolio-Mgnt-Pvt-Ltd-(erstwhile-Torus)/PMS,Equity,13.72,S&P BSE 500 TRI,Mid & Large Cap,519,1M,2026-06-30,Dec 2019,"6 Yrs, 6 Months",556,NA,-0.92%,-8.86%,0.91%,9.80%,18.46%,14.15%,0.16%,14.16%,2026-08-12T16:03:05.725Z,https://pmsbazaar.com/Visitor/PMSComparison,Cosmea Portfolio Mgnt Pvt Ltd (erstwhile Torus) - All Weather Portfolio,https://pmsbazaar.com/Strategy/All_Weather_Portfolio/Cosmea-Portfolio-Mgnt-Pvt-Ltd-(erstwhile-Torus),21
Atlas Integrated Finance Limited,https://pmsbazaar.com/AMC/Atlas-Integrated-Finance-Limited/PMS,Equity,3.57,S&P BSE 500 TRI,Small & Mid Cap,520,1M,2026-06-30,May 2021,"5 Yrs, 1 Months",556,NA,-0.93%,-9.02%,0.14%,18.31%,13.06%,6.95%,-1.71%,7.23%,2026-08-12T16:03:05.726Z,https://pmsbazaar.com/Visitor/PMSComparison,Atlas Integrated Finance Limited - Midcap PMS Fund,https://pmsbazaar.com/Strategy/Midcap_PMS_Fund/Atlas-Integrated-Finance-Limited,21
Pl Asset Management Pvt Ltd ,https://pmsbazaar.com/AMC/Pl-Asset-Management-Pvt-Ltd-/PMS,Equity,374.32,S&P BSE 500 TRI,Multi Cap & Flexi Cap,521,1M,2026-06-30,Jun 2023,"3 Yrs, 0 Months",556,NA,-0.98%,6.33%,-0.41%,12.75%,20.40%,NA,2.00%,19.84%,2026-08-12T16:03:05.726Z,https://pmsbazaar.com/Visitor/PMSComparison,Pl Asset Management Pvt Ltd  - Aqua Strategy.,https://pmsbazaar.com/Strategy/Aqua_Strategy/Pl-Asset-Management-Pvt-Ltd-,21
ithought Financial Consulting LLP,https://pmsbazaar.com/AMC/ithought-Financial-Consulting-LLP/PMS,Multiasset,899.08,NSE Multi Asset Index 1,Multi Asset,522,1M,2026-06-30,Dec 2021,"4 Yrs, 6 Months",556,NA,-1.01%,7.90%,14.30%,4.65%,21.75%,NA,-6.25%,19.95%,2026-08-12T16:03:05.726Z,https://pmsbazaar.com/Visitor/PMSComparison,ithought Financial Consulting LLP - SPHERE,https://pmsbazaar.com/Strategy/SPHERE/ithought-Financial-Consulting-LLP,21
Ayan Analytics Pvt Ltd,https://pmsbazaar.com/AMC/Ayan-Analytics-Pvt-Ltd/PMS,Equity,2.63,Nifty 50 TRI,Multi Cap & Flexi Cap,525,1M,2026-06-30,Dec 2025,"0 Yrs, 6 Months",556,NA,-1.16%,NA,NA,8.80%,NA,NA,-0.98%,2.27%,2026-08-12T16:03:05.726Z,https://pmsbazaar.com/Visitor/PMSComparison,Ayan Analytics Pvt Ltd - PriceBridge Crescendo,https://pmsbazaar.com/Strategy/PriceBridge_Crescendo/Ayan-Analytics-Pvt-Ltd,21
Valtrust Partners LLP,https://pmsbazaar.com/AMC/Valtrust-Partners-LLP/PMS,Hybrid,1.73,Crisil Hybrid 50 + 50 Moderate Index,Hybrid,523,1M,2026-06-30,Mar 2023,"3 Yrs, 3 Months",556,NA,-1.16%,9.38%,8.45%,4.88%,17.73%,NA,0.02%,19.88%,2026-08-12T16:03:05.726Z,https://pmsbazaar.com/Visitor/PMSComparison,Valtrust Partners LLP - Equity Hybrid Funds-,https://pmsbazaar.com/Strategy/Equity_Hybrid_Funds/Valtrust-Partners-LLP,21
Spark Asia Impact Managers Pvt Ltd,https://pmsbazaar.com/AMC/Spark-Asia-Impact-Managers-Pvt-Ltd/PMS,Equity,310.83,Nifty 50 TRI,Multi Cap & Flexi Cap,524,1M,2026-06-30,Jun 2019,"7 Yrs, 0 Months",556,NA,-1.16%,-6.11%,-2.32%,5.88%,13.08%,13.51%,-6.64%,17.21%,2026-08-12T16:03:05.726Z,https://pmsbazaar.com/Visitor/PMSComparison,Spark Asia Impact Managers Pvt Ltd - India at 75 Core and Satellite,https://pmsbazaar.com/Strategy/India_at_75_Core_and_Satellite/Spark-Asia-Impact-Managers-Pvt-Ltd,21
Dynamic Equities Pvt Ltd,https://pmsbazaar.com/AMC/Dynamic-Equities-Pvt-Ltd/PMS,Equity,2.08,Nifty 50 TRI,Mid Cap,526,1M,2026-06-30,Mar 2026,"0 Yrs, 3 Months",556,NA,-1.18%,NA,NA,13.57%,NA,NA,NA,3.67%,2026-08-12T16:03:06.699Z,https://pmsbazaar.com/Visitor/PMSComparison,Dynamic Equities Pvt Ltd - Midcap Mavens,https://pmsbazaar.com/Strategy/Midcap_Mavens/Dynamic-Equities-Pvt-Ltd,22
OAKS Asset Management,https://pmsbazaar.com/AMC/OAKS-Asset-Management/PMS,Equity,136.10,Nifty 50 TRI,Multi Cap & Flexi Cap,527,1M,2026-06-30,Jan 2021,"5 Yrs, 5 Months",556,NA,-1.27%,1.08%,-1.50%,8.06%,13.12%,13.90%,-0.82%,15.35%,2026-08-12T16:03:06.699Z,https://pmsbazaar.com/Visitor/PMSComparison,OAKS Asset Management - Tenet Portfolio,https://pmsbazaar.com/Strategy/Tenet_Portfolio/OAKS-Asset-Management,22
MRG Investment Partners Pvt Ltd,https://pmsbazaar.com/AMC/MRG-Investment-Partners-Pvt-Ltd/PMS,Equity,1.11,Nifty 50 TRI,Multi Cap & Flexi Cap,528,1M,2026-06-30,Dec 2019,"6 Yrs, 6 Months",556,NA,-1.50%,0.40%,5.11%,10.84%,14.31%,10.74%,-1.03%,13.19%,2026-08-12T16:03:06.699Z,https://pmsbazaar.com/Visitor/PMSComparison,MRG Investment Partners Pvt Ltd - Wealth Protector,https://pmsbazaar.com/Strategy/Wealth_Protector/MRG-Investment-Partners-Pvt-Ltd,22
ASK Investment Managers Ltd,https://pmsbazaar.com/AMC/ASK-Investment-Managers-Ltd/PMS,Equity,7030.68,S&P BSE 500 TRI,Multi Cap & Flexi Cap,529,1M,2026-06-30,Jan 2010,"16 Yrs, 5 Months",556,10.83%,-1.56%,-11.07%,-3.86%,5.85%,3.90%,5.32%,-11.59%,14.86%,2026-08-12T16:03:06.699Z,https://pmsbazaar.com/Visitor/PMSComparison,ASK Investment Managers Ltd - ASK  Indian Entrepreneur Portfolio,https://pmsbazaar.com/Strategy/ASK__Indian_Entrepreneur_Portfolio/ASK-Investment-Managers-Ltd,22
Care Portfolio Managers Pvt Ltd,https://pmsbazaar.com/AMC/Care-Portfolio-Managers-Pvt-Ltd/PMS,Equity,53.67,S&P BSE 500 TRI,Mid & Large Cap,530,1M,2026-06-30,Jul 2020,"5 Yrs, 11 Months",556,NA,-1.56%,2.75%,2.18%,10.94%,22.10%,17.30%,-1.90%,20.50%,2026-08-12T16:03:06.700Z,https://pmsbazaar.com/Visitor/PMSComparison,Care Portfolio Managers Pvt Ltd - Large and Midcap Strategy,https://pmsbazaar.com/Strategy/Large_and_Midcap_Strategy/Care-Portfolio-Managers-Pvt-Ltd,22
Pl Asset Management Pvt Ltd ,https://pmsbazaar.com/AMC/Pl-Asset-Management-Pvt-Ltd-/PMS,Equity,2.11,Nifty 50 TRI,Multi Cap & Flexi Cap,531,1M,2026-06-30,Mar 2026,"0 Yrs, 3 Months",556,NA,-1.63%,NA,NA,6.96%,NA,NA,NA,6.92%,2026-08-12T16:03:06.700Z,https://pmsbazaar.com/Visitor/PMSComparison,Pl Asset Management Pvt Ltd  - Leap,https://pmsbazaar.com/Strategy/Leap/Pl-Asset-Management-Pvt-Ltd-,22
Ayan Analytics Pvt Ltd,https://pmsbazaar.com/AMC/Ayan-Analytics-Pvt-Ltd/PMS,Equity,32.97,S&P BSE 500 TRI,Multi Cap & Flexi Cap,532,1M,2026-06-30,May 2025,"1 Yrs, 1 Months",556,NA,-1.67%,2.48%,NA,21.25%,NA,NA,7.62%,7.05%,2026-08-12T16:03:06.700Z,https://pmsbazaar.com/Visitor/PMSComparison,Ayan Analytics Pvt Ltd - PriceBridge Samvruddhi-,https://pmsbazaar.com/Strategy/PriceBridge_Samvruddhi/Ayan-Analytics-Pvt-Ltd,22
Ayan Analytics Pvt Ltd,https://pmsbazaar.com/AMC/Ayan-Analytics-Pvt-Ltd/PMS,Multiasset,3.55,NSE Multi Asset Index 1,Multi Asset,533,1M,2026-06-30,Dec 2025,"0 Yrs, 6 Months",556,NA,-1.86%,NA,NA,8.40%,NA,NA,8.68%,12.56%,2026-08-12T16:03:06.700Z,https://pmsbazaar.com/Visitor/PMSComparison,Ayan Analytics Pvt Ltd - PriceBridge Honeycomb Model,https://pmsbazaar.com/Strategy/PriceBridge_Honeycomb_Model/Ayan-Analytics-Pvt-Ltd,22
QED Capital Advisors LLP,https://pmsbazaar.com/AMC/QED-Capital-Advisors-LLP/PMS,Equity,10.74,S&P BSE 500 TRI,Mid & Large Cap,534,1M,2026-06-30,Apr 2025,"1 Yrs, 2 Months",556,NA,-1.87%,-4.21%,NA,0.17%,NA,NA,-10.23%,-0.60%,2026-08-12T16:03:06.701Z,https://pmsbazaar.com/Visitor/PMSComparison,QED Capital Advisors LLP - Core-Equity,https://pmsbazaar.com/Strategy/Core-Equity/QED-Capital-Advisors-LLP,22
Ksema Wealth Pvt Ltd,https://pmsbazaar.com/AMC/Ksema-Wealth-Pvt-Ltd/PMS,Multiasset,0.28,NSE Multi Asset Index 2,Multi Asset,535,1M,2026-06-30,Jan 2026,"0 Yrs, 5 Months",556,NA,-1.87%,NA,NA,5.76%,NA,NA,NA,-0.04%,2026-08-12T16:03:06.701Z,https://pmsbazaar.com/Visitor/PMSComparison,Ksema Wealth Pvt Ltd - Multi Asset Portfolio Ctrl Alt Grow,https://pmsbazaar.com/Strategy/Multi_Asset_Portfolio_Ctrl_Alt_Grow/Ksema-Wealth-Pvt-Ltd,22
Bonanza Portfolio Limited,https://pmsbazaar.com/AMC/Bonanza-Portfolio-Limited/PMS,Equity,24.69,Nifty 50 TRI,Mid & Large Cap,536,1M,2026-06-30,Apr 2010,"16 Yrs, 2 Months",556,14.87%,-1.88%,-0.33%,1.26%,9.70%,9.80%,10.18%,0.46%,16.33%,2026-08-12T16:03:06.701Z,https://pmsbazaar.com/Visitor/PMSComparison,Bonanza Portfolio Limited - Growth,https://pmsbazaar.com/Strategy/Growth/Bonanza-Portfolio-Limited,22
Right Horizons,https://pmsbazaar.com/AMC/Right-Horizons/PMS,Equity,1.84,Nifty 50 TRI,Large Cap,537,1M,2026-06-30,Mar 2023,"3 Yrs, 3 Months",556,NA,-2.16%,-3.78%,-2.63%,6.06%,6.04%,NA,-5.51%,9.92%,2026-08-12T16:03:06.701Z,https://pmsbazaar.com/Visitor/PMSComparison,Right Horizons - Alphabots India Largecap 50-,https://pmsbazaar.com/Strategy/Alphabots_India_Largecap_50/Right-Horizons,22
Agreya Capital Advisors LLP,https://pmsbazaar.com/AMC/Agreya-Capital-Advisors-LLP/PMS,Equity,202.60,Nifty 50 TRI,Large Cap,538,1M,2026-06-30,Aug 2018,"7 Yrs, 10 Months",556,NA,-2.18%,-6.70%,-6.44%,6.20%,8.49%,6.96%,-4.87%,10.56%,2026-08-12T16:03:06.701Z,https://pmsbazaar.com/Visitor/PMSComparison,Agreya Capital Advisors LLP - Momentum,https://pmsbazaar.com/Strategy/Momentum/Agreya-Capital-Advisors-LLP,22
Pluswealth Capital Management LLP,https://pmsbazaar.com/AMC/Pluswealth-Capital-Management-LLP/PMS,Multiasset,29.35,NSE Multi Asset Index 2,Multi Asset,539,1M,2026-06-30,Oct 2025,"0 Yrs, 8 Months",556,NA,-2.29%,NA,NA,3.97%,NA,NA,1.27%,6.89%,2026-08-12T16:03:06.702Z,https://pmsbazaar.com/Visitor/PMSComparison,Pluswealth Capital Management LLP - PlusWealth Fusion,https://pmsbazaar.com/Strategy/PlusWealth_Fusion/Pluswealth-Capital-Management-LLP,22
Qode Advisors LLP,https://pmsbazaar.com/AMC/Qode-Advisors-LLP/PMS,Equity,194.68,Nifty 50 TRI,Multi Cap & Flexi Cap,540,1M,2026-06-30,Nov 2024,"1 Yrs, 7 Months",556,NA,-2.30%,27.86%,NA,4.64%,NA,NA,15.43%,26.47%,2026-08-12T16:03:06.702Z,https://pmsbazaar.com/Visitor/PMSComparison,Qode Advisors LLP - Qode All Weather.,https://pmsbazaar.com/Strategy/Qode_All_Weather/Qode-Advisors-LLP,22
AlphaGrep Investment Management,https://pmsbazaar.com/AMC/AlphaGrep-Investment-Management/PMS,Equity,55.55,S&P BSE 500 TRI,Multi Cap & Flexi Cap,541,1M,2026-06-30,Oct 2022,"3 Yrs, 8 Months",556,NA,-2.31%,-5.85%,0.24%,7.33%,14.43%,NA,-6.77%,13.93%,2026-08-12T16:03:06.702Z,https://pmsbazaar.com/Visitor/PMSComparison,AlphaGrep Investment Management - Multi Factor Quant.,https://pmsbazaar.com/Strategy/AlphaGrep_Multi_Factor_Quant/AlphaGrep-Investment-Management,22
Ametra Investment Managers Private Limited,https://pmsbazaar.com/AMC/Ametra-Investment-Managers-Private-Limited/PMS,Equity,1.03,S&P BSE 500 TRI,Multi Cap & Flexi Cap,542,1M,2026-06-30,Aug 2025,"0 Yrs, 10 Months",556,NA,-2.35%,NA,NA,7.48%,NA,NA,-0.02%,11.18%,2026-08-12T16:03:06.702Z,https://pmsbazaar.com/Visitor/PMSComparison,Ametra Investment Managers Private Limited - Ametra FactorCore,https://pmsbazaar.com/Strategy/Ametra_FactorCore/Ametra-Investment-Managers-Private-Limited,22
Ashima capital management limited,https://pmsbazaar.com/AMC/Ashima-capital-management-limited/PMS,Equity,319.23,S&P BSE 500 TRI,Multi Cap & Flexi Cap,543,1M,2026-06-30,Mar 2025,"1 Yrs, 3 Months",556,NA,-2.37%,9.66%,NA,5.02%,NA,NA,6.99%,19.20%,2026-08-12T16:03:06.702Z,https://pmsbazaar.com/Visitor/PMSComparison,Ashima capital management limited - Long Heritage Value Fund-,https://pmsbazaar.com/Strategy/Long_Heritage_Value_Fund/Ashima-capital-management-limited,22
MRG Investment Partners Pvt Ltd,https://pmsbazaar.com/AMC/MRG-Investment-Partners-Pvt-Ltd/PMS,Equity,54.42,Nifty 50 TRI,Multi Cap & Flexi Cap,544,1M,2026-06-30,May 2019,"7 Yrs, 1 Months",556,NA,-2.40%,3.64%,5.67%,8.86%,16.95%,11.07%,-3.50%,11.55%,2026-08-12T16:03:06.702Z,https://pmsbazaar.com/Visitor/PMSComparison,MRG Investment Partners Pvt Ltd - Wealth Enhancer,https://pmsbazaar.com/Strategy/Wealth_Enhancer/MRG-Investment-Partners-Pvt-Ltd,22
Pl Asset Management Pvt Ltd ,https://pmsbazaar.com/AMC/Pl-Asset-Management-Pvt-Ltd-/PMS,Multiasset,21.52,NSE Multi Asset Index 1,Multi Asset,545,1M,2026-06-30,Jun 2021,"5 Yrs, 0 Months",556,NA,-2.47%,9.00%,7.50%,8.29%,13.11%,10.04%,1.43%,10.33%,2026-08-12T16:03:06.702Z,https://pmsbazaar.com/Visitor/PMSComparison,Pl Asset Management Pvt Ltd  - Multi Asset Dynamic Portfolio,https://pmsbazaar.com/Strategy/Multi_Asset_Dynamic_Portfolio/Pl-Asset-Management-Pvt-Ltd-,22
MRG Investment Partners Pvt Ltd,https://pmsbazaar.com/AMC/MRG-Investment-Partners-Pvt-Ltd/PMS,Equity,17.22,Nifty 50 TRI,Multi Cap & Flexi Cap,546,1M,2026-06-30,May 2019,"7 Yrs, 1 Months",556,NA,-2.66%,3.93%,9.08%,10.05%,18.61%,12.91%,-1.26%,12.69%,2026-08-12T16:03:06.703Z,https://pmsbazaar.com/Visitor/PMSComparison,MRG Investment Partners Pvt Ltd - Wealth Maximizer,https://pmsbazaar.com/Strategy/Wealth_Maximizer/MRG-Investment-Partners-Pvt-Ltd,22
Maxiom Asset Management Pvt Ltd,https://pmsbazaar.com/AMC/Maxiom-Asset-Management-Pvt-Ltd/PMS,Equity,2.35,Nifty 50 TRI,Multi Cap & Flexi Cap,547,1M,2026-06-30,Jun 2023,"3 Yrs, 0 Months",556,NA,-3.00%,-6.00%,0.64%,5.56%,5.24%,NA,-4.28%,5.20%,2026-08-12T16:03:06.703Z,https://pmsbazaar.com/Visitor/PMSComparison,Maxiom Asset Management Pvt Ltd - EMERALD,https://pmsbazaar.com/Strategy/Maxiom_PMS_-_EMERALD/Maxiom-Asset-Management-Pvt-Ltd,22
Invasset LLP,https://pmsbazaar.com/AMC/Invasset-LLP/PMS,Equity,351.11,S&P BSE 500 TRI,Multi Cap & Flexi Cap,548,1M,2026-06-30,Jan 2020,"6 Yrs, 5 Months",556,NA,-3.54%,0.52%,-4.95%,16.09%,25.20%,18.35%,6.16%,26.77%,2026-08-12T16:03:06.703Z,https://pmsbazaar.com/Visitor/PMSComparison,Invasset LLP - Growth Pro Max,https://pmsbazaar.com/Strategy/Growth_Pro_Max/Invasset-LLP,22
Atlas Integrated Finance Limited,https://pmsbazaar.com/AMC/Atlas-Integrated-Finance-Limited/PMS,Equity,2.25,S&P BSE 500 TRI,Multi Cap & Flexi Cap,549,1M,2026-06-30,Oct 2021,"4 Yrs, 8 Months",556,NA,-3.72%,-1.59%,4.20%,16.79%,9.79%,NA,2.71%,5.26%,2026-08-12T16:03:06.703Z,https://pmsbazaar.com/Visitor/PMSComparison,Atlas Integrated Finance Limited - Multicap PMS Fund,https://pmsbazaar.com/Strategy/Multicap_PMS_Fund/Atlas-Integrated-Finance-Limited,22
Alchemy Capital Management,https://pmsbazaar.com/AMC/Alchemy-Capital-Management/PMS,Equity,731.99,S&P BSE 500 TRI,Mid & Large Cap,550,1M,2026-06-30,Aug 2023,"2 Yrs, 10 Months",556,NA,-4.07%,3.28%,2.59%,14.52%,NA,NA,6.36%,19.07%,2026-08-12T16:03:06.703Z,https://pmsbazaar.com/Visitor/PMSComparison,Alchemy Capital Management - Smart Alpha 250.,https://pmsbazaar.com/Strategy/Smart_Alpha_250/Alchemy-Capital-Management,22
Moat Financial Services Pvt Ltd,https://pmsbazaar.com/AMC/Moat-Financial-Services-Pvt-Ltd/PMS,Multiasset,71.21,NSE Multi Asset Index 1,Multi Asset,551,1M,2026-06-30,Mar 2022,"4 Yrs, 3 Months",556,NA,-4.08%,4.49%,3.76%,8.24%,19.89%,NA,2.26%,16.43%,2026-08-12T16:03:07.437Z,https://pmsbazaar.com/Visitor/PMSComparison,Moat Financial Services Pvt Ltd - UpperCrust Growth Fund,https://pmsbazaar.com/Strategy/UpperCrust_Growth_Fund/Moat-Financial-Services-Pvt-Ltd,23
Aequitas Investment Consultancy Pvt Ltd,https://pmsbazaar.com/AMC/Aequitas-Investment-Consultancy-Pvt-Ltd/PMS,Equity,2637.02,Nifty 50 TRI,Small Cap,552,1M,2026-06-30,Feb 2013,"13 Yrs, 4 Months",556,27.65%,-6.37%,32.00%,23.42%,-3.76%,34.86%,33.09%,3.00%,32.02%,2026-08-12T16:03:07.438Z,https://pmsbazaar.com/Visitor/PMSComparison,Aequitas Investment Consultancy Pvt Ltd - India Opportunities Product,https://pmsbazaar.com/Strategy/India_Opportunities_Product/Aequitas-Investment-Consultancy-Pvt-Ltd,23
Moat Financial Services Pvt Ltd,https://pmsbazaar.com/AMC/Moat-Financial-Services-Pvt-Ltd/PMS,Equity,129.10,S&P BSE 500 TRI,Multi Cap & Flexi Cap,553,1M,2026-06-30,Jan 2022,"4 Yrs, 5 Months",556,NA,-6.57%,3.28%,4.26%,8.74%,23.61%,NA,6.24%,15.45%,2026-08-12T16:03:07.438Z,https://pmsbazaar.com/Visitor/PMSComparison,Moat Financial Services Pvt Ltd - UpperCrust Wealth Fund,https://pmsbazaar.com/Strategy/UpperCrust_Wealth_Fund/Moat-Financial-Services-Pvt-Ltd,23
Capital 8 LLP,https://pmsbazaar.com/AMC/Capital-8-LLP/PMS,Equity,169.72,S&P BSE 500 TRI,Multi Cap & Flexi Cap,554,1M,2026-06-30,Feb 2024,"2 Yrs, 4 Months",556,NA,-6.85%,18.91%,9.34%,13.21%,NA,NA,18.86%,25.06%,2026-08-12T16:03:07.438Z,https://pmsbazaar.com/Visitor/PMSComparison,Capital 8 LLP - Capital 8 Infinity Fund,https://pmsbazaar.com/Strategy/Capital_8_Infinity_Fund/Capital-8-LLP,23
Alchemy Capital Management,https://pmsbazaar.com/AMC/Alchemy-Capital-Management/PMS,Equity,762.51,S&P BSE 500 TRI,Multi Cap & Flexi Cap,555,1M,2026-06-30,May 2002,"24 Yrs, 1 Months",556,12.33%,-7.81%,5.23%,-1.41%,9.30%,14.76%,11.96%,0.79%,19.93%,2026-08-12T16:03:07.438Z,https://pmsbazaar.com/Visitor/PMSComparison,Alchemy Capital Management - High Growth,https://pmsbazaar.com/Strategy/High_Growth/Alchemy-Capital-Management,23
Dezerv Investments Private Limited,https://pmsbazaar.com/AMC/Dezerv-Investments-Private-Limited/PMS,Multiasset,286.13,NSE Multi Asset Index 1,Multi Asset,556,1M,2026-06-30,Apr 2025,"1 Yrs, 2 Months",556,NA,-9.69%,50.89%,NA,-4.10%,NA,NA,2.18%,42.90%,2026-08-12T16:03:07.438Z,https://pmsbazaar.com/Visitor/PMSComparison,Dezerv Investments Private Limited - Strategic Holdings in Natural Elements (SHINE),https://pmsbazaar.com/Strategy/Strategic_Holdings_in_Natural_Elements_(SHINE)/Dezerv-Investments-Private-Limited,23
